Date,DEXUSUK
22-06-2015,1.5823
23-06-2015,1.5751
24-06-2015,1.5681
25-06-2015,1.5728
26-06-2015,1.5739
29-06-2015,1.5764
30-06-2015,1.5727
01-07-2015,1.5617
02-07-2015,1.5614
06-07-2015,1.5619
07-07-2015,1.5443
08-07-2015,1.5353
09-07-2015,1.5375
10-07-2015,1.5503
13-07-2015,1.5518
14-07-2015,1.5584
15-07-2015,1.5621
16-07-2015,1.5601
17-07-2015,1.5624
20-07-2015,1.5587
21-07-2015,1.555
22-07-2015,1.5617
23-07-2015,1.5533
24-07-2015,1.5514
27-07-2015,1.5595
28-07-2015,1.5617
29-07-2015,1.5624
30-07-2015,1.5581
31-07-2015,1.5634
03-08-2015,1.5603
04-08-2015,1.5612
05-08-2015,1.5604
06-08-2015,1.5521
07-08-2015,1.5467
10-08-2015,1.5546
11-08-2015,1.5572
12-08-2015,1.5639
13-08-2015,1.5595
14-08-2015,1.5625
17-08-2015,1.5598
18-08-2015,1.5658
19-08-2015,1.5645
20-08-2015,1.5688
21-08-2015,1.5698
24-08-2015,1.5731
25-08-2015,1.5698
26-08-2015,1.5493
27-08-2015,1.5411
28-08-2015,1.5362
31-08-2015,1.5363
01-09-2015,1.5341
02-09-2015,1.531
03-09-2015,1.5254
04-09-2015,1.5195
08-09-2015,1.5381
09-09-2015,1.5363
10-09-2015,1.5457
11-09-2015,1.5426
14-09-2015,1.5423
15-09-2015,1.5352
16-09-2015,1.5499
17-09-2015,1.5509
18-09-2015,1.5573
21-09-2015,1.5506
22-09-2015,1.5356
23-09-2015,1.5243
24-09-2015,1.5254
25-09-2015,1.5172
28-09-2015,1.5208
29-09-2015,1.5168
30-09-2015,1.5116
01-10-2015,1.5162
02-10-2015,1.5216
05-10-2015,1.5165
06-10-2015,1.5227
07-10-2015,1.5315
08-10-2015,1.5316
09-10-2015,1.5315
13-10-2015,1.5242
14-10-2015,1.5445
15-10-2015,1.5475
16-10-2015,1.5441
19-10-2015,1.5471
20-10-2015,1.547
21-10-2015,1.5463
22-10-2015,1.5399
23-10-2015,1.534
26-10-2015,1.5361
27-10-2015,1.5312
28-10-2015,1.5319
29-10-2015,1.5296
30-10-2015,1.5445
02-11-2015,1.5428
03-11-2015,1.5404
04-11-2015,1.5377
05-11-2015,1.5236
06-11-2015,1.5071
09-11-2015,1.5124
10-11-2015,1.511
12-11-2015,1.5206
13-11-2015,1.5208
16-11-2015,1.5204
17-11-2015,1.5214
18-11-2015,1.521
19-11-2015,1.5327
20-11-2015,1.5199
23-11-2015,1.5125
24-11-2015,1.5057
25-11-2015,1.5109
27-11-2015,1.504
30-11-2015,1.5044
01-12-2015,1.5074
02-12-2015,1.4927
03-12-2015,1.5088
04-12-2015,1.51
07-12-2015,1.5076
08-12-2015,1.5
09-12-2015,1.5168
10-12-2015,1.5176
11-12-2015,1.5213
14-12-2015,1.513
15-12-2015,1.5044
16-12-2015,1.5013
17-12-2015,1.4876
18-12-2015,1.4914
21-12-2015,1.4906
22-12-2015,1.4811
23-12-2015,1.4863
24-12-2015,1.4943
28-12-2015,1.4883
29-12-2015,1.4794
30-12-2015,1.4832
31-12-2015,1.4746
04-01-2016,1.4686
05-01-2016,1.4664
06-01-2016,1.4626
07-01-2016,1.4579
08-01-2016,1.4523
11-01-2016,1.4564
12-01-2016,1.4403
13-01-2016,1.447
14-01-2016,1.4409
15-01-2016,1.4289
19-01-2016,1.4171
20-01-2016,1.4167
21-01-2016,1.4198
22-01-2016,1.4308
25-01-2016,1.4245
26-01-2016,1.4342
27-01-2016,1.4261
28-01-2016,1.4351
29-01-2016,1.4184
01-02-2016,1.4367
02-02-2016,1.4399
03-02-2016,1.4576
04-02-2016,1.458
05-02-2016,1.4468
08-02-2016,1.4415
09-02-2016,1.4473
10-02-2016,1.4473
11-02-2016,1.4448
12-02-2016,1.446
16-02-2016,1.429
17-02-2016,1.4317
18-02-2016,1.4333
19-02-2016,1.4343
22-02-2016,1.4157
23-02-2016,1.404
24-02-2016,1.3932
25-02-2016,1.3937
26-02-2016,1.3867
29-02-2016,1.3926
01-03-2016,1.3948
02-03-2016,1.4059
03-03-2016,1.4152
04-03-2016,1.4226
07-03-2016,1.4256
08-03-2016,1.4225
09-03-2016,1.4236
10-03-2016,1.4306
11-03-2016,1.4426
14-03-2016,1.4324
15-03-2016,1.4166
16-03-2016,1.41
17-03-2016,1.449
18-03-2016,1.4514
21-03-2016,1.4402
22-03-2016,1.4217
23-03-2016,1.4111
24-03-2016,1.4143
25-03-2016,1.4131
28-03-2016,1.425
29-03-2016,1.4281
30-03-2016,1.439
31-03-2016,1.4381
01-04-2016,1.4204
04-04-2016,1.4279
05-04-2016,1.4149
06-04-2016,1.4162
07-04-2016,1.4082
08-04-2016,1.4105
11-04-2016,1.424
12-04-2016,1.4244
13-04-2016,1.4223
14-04-2016,1.4148
15-04-2016,1.4217
18-04-2016,1.4276
19-04-2016,1.4396
20-04-2016,1.4375
21-04-2016,1.4338
22-04-2016,1.439
25-04-2016,1.4492
26-04-2016,1.4611
27-04-2016,1.4554
28-04-2016,1.4581
29-04-2016,1.4625
02-05-2016,1.4666
03-05-2016,1.4543
04-05-2016,1.4475
05-05-2016,1.4486
06-05-2016,1.4439
09-05-2016,1.4409
10-05-2016,1.4454
11-05-2016,1.448
12-05-2016,1.4452
13-05-2016,1.4369
16-05-2016,1.4411
17-05-2016,1.4485
18-05-2016,1.4615
19-05-2016,1.4608
20-05-2016,1.4513
23-05-2016,1.4444
24-05-2016,1.4623
25-05-2016,1.4694
26-05-2016,1.4673
27-05-2016,1.4644
31-05-2016,1.453
01-06-2016,1.4395
02-06-2016,1.4419
03-06-2016,1.4521
06-06-2016,1.445
07-06-2016,1.4564
08-06-2016,1.4546
09-06-2016,1.4467
10-06-2016,1.4342
13-06-2016,1.4223
14-06-2016,1.413
15-06-2016,1.4185
16-06-2016,1.4075
17-06-2016,1.4285
20-06-2016,1.4688
21-06-2016,1.4668
22-06-2016,1.4682
23-06-2016,1.48
24-06-2016,1.3639
27-06-2016,1.3217
28-06-2016,1.3294
29-06-2016,1.351
30-06-2016,1.3242
01-07-2016,1.3281
05-07-2016,1.3021
06-07-2016,1.2921
07-07-2016,1.2926
08-07-2016,1.2938
11-07-2016,1.2986
12-07-2016,1.3237
13-07-2016,1.318
14-07-2016,1.3332
15-07-2016,1.3194
18-07-2016,1.3279
19-07-2016,1.3123
20-07-2016,1.3179
21-07-2016,1.3216
22-07-2016,1.3091
25-07-2016,1.313
26-07-2016,1.3133
27-07-2016,1.3094
28-07-2016,1.3151
29-07-2016,1.327
01-08-2016,1.3209
02-08-2016,1.3326
03-08-2016,1.3335
04-08-2016,1.3143
05-08-2016,1.3069
08-08-2016,1.3042
09-08-2016,1.301
10-08-2016,1.2998
11-08-2016,1.296
12-08-2016,1.2934
15-08-2016,1.2874
16-08-2016,1.3019
17-08-2016,1.3012
18-08-2016,1.3147
19-08-2016,1.3061
22-08-2016,1.3133
23-08-2016,1.3179
24-08-2016,1.3236
25-08-2016,1.3177
26-08-2016,1.3168
29-08-2016,1.3089
30-08-2016,1.3084
31-08-2016,1.3129
01-09-2016,1.3273
02-09-2016,1.3299
06-09-2016,1.3429
07-09-2016,1.3339
08-09-2016,1.3301
09-09-2016,1.3257
12-09-2016,1.3313
13-09-2016,1.3184
14-09-2016,1.3204
15-09-2016,1.3215
16-09-2016,1.309
19-09-2016,1.3051
20-09-2016,1.2974
21-09-2016,1.2978
22-09-2016,1.3092
23-09-2016,1.2959
26-09-2016,1.2978
27-09-2016,1.3005
28-09-2016,1.2996
29-09-2016,1.2991
30-09-2016,1.3015
03-10-2016,1.284
04-10-2016,1.2746
05-10-2016,1.2745
06-10-2016,1.2647
07-10-2016,1.2434
11-10-2016,1.2218
12-10-2016,1.2195
13-10-2016,1.2201
14-10-2016,1.2189
17-10-2016,1.2186
18-10-2016,1.231
19-10-2016,1.2279
20-10-2016,1.2256
21-10-2016,1.221
24-10-2016,1.2204
25-10-2016,1.2164
26-10-2016,1.2234
27-10-2016,1.2173
28-10-2016,1.2155
31-10-2016,1.2212
01-11-2016,1.2218
02-11-2016,1.2315
03-11-2016,1.2454
04-11-2016,1.2546
07-11-2016,1.2403
08-11-2016,1.2372
09-11-2016,1.2474
10-11-2016,1.2523
14-11-2016,1.2469
15-11-2016,1.2422
16-11-2016,1.245
17-11-2016,1.245
18-11-2016,1.2327
21-11-2016,1.2474
22-11-2016,1.2424
23-11-2016,1.2458
25-11-2016,1.2462
28-11-2016,1.2411
29-11-2016,1.2505
30-11-2016,1.2481
01-12-2016,1.2596
02-12-2016,1.2685
05-12-2016,1.2708
06-12-2016,1.2706
07-12-2016,1.2604
08-12-2016,1.2574
09-12-2016,1.259
12-12-2016,1.2677
13-12-2016,1.2685
14-12-2016,1.2706
15-12-2016,1.2389
16-12-2016,1.2478
19-12-2016,1.2419
20-12-2016,1.2358
21-12-2016,1.2348
22-12-2016,1.2301
23-12-2016,1.2252
27-12-2016,1.2261
28-12-2016,1.2222
29-12-2016,1.2237
30-12-2016,1.2337
03-01-2017,1.2256
04-01-2017,1.2299
05-01-2017,1.2415
06-01-2017,1.2314
09-01-2017,1.2167
10-01-2017,1.2165
11-01-2017,1.2118
12-01-2017,1.2211
13-01-2017,1.2198
17-01-2017,1.2388
18-01-2017,1.2309
19-01-2017,1.2319
23-01-2017,1.2485
24-01-2017,1.2531
25-01-2017,1.262
26-01-2017,1.2579
27-01-2017,1.2531
30-01-2017,1.2478
31-01-2017,1.2585
01-02-2017,1.2643
02-02-2017,1.2541
03-02-2017,1.2504
06-02-2017,1.245
07-02-2017,1.2486
08-02-2017,1.2543
09-02-2017,1.2516
10-02-2017,1.2502
13-02-2017,1.251
14-02-2017,1.2465
15-02-2017,1.2465
16-02-2017,1.2477
17-02-2017,1.2428
21-02-2017,1.2465
22-02-2017,1.2456
23-02-2017,1.2548
24-02-2017,1.2499
27-02-2017,1.2473
28-02-2017,1.2427
01-03-2017,1.2318
02-03-2017,1.2267
03-03-2017,1.2249
06-03-2017,1.2243
07-03-2017,1.2209
08-03-2017,1.2152
09-03-2017,1.2166
10-03-2017,1.2158
13-03-2017,1.2234
14-03-2017,1.2168
15-03-2017,1.2222
16-03-2017,1.237
17-03-2017,1.2372
20-03-2017,1.2365
21-03-2017,1.2479
22-03-2017,1.2476
23-03-2017,1.2526
24-03-2017,1.2491
27-03-2017,1.2583
28-03-2017,1.2503
29-03-2017,1.2411
30-03-2017,1.2489
31-03-2017,1.2537
03-04-2017,1.2479
04-04-2017,1.2437
05-04-2017,1.2488
06-04-2017,1.2486
07-04-2017,1.2398
10-04-2017,1.2418
11-04-2017,1.2484
12-04-2017,1.25
13-04-2017,1.2522
14-04-2017,1.2531
17-04-2017,1.2587
18-04-2017,1.2769
19-04-2017,1.2789
20-04-2017,1.283
21-04-2017,1.2783
24-04-2017,1.2783
25-04-2017,1.2836
26-04-2017,1.2838
27-04-2017,1.2889
28-04-2017,1.2938
01-05-2017,1.2917
02-05-2017,1.2921
03-05-2017,1.2916
04-05-2017,1.291
05-05-2017,1.295
08-05-2017,1.2942
09-05-2017,1.2939
10-05-2017,1.2939
11-05-2017,1.2885
12-05-2017,1.288
15-05-2017,1.2917
16-05-2017,1.2912
17-05-2017,1.2944
18-05-2017,1.3009
19-05-2017,1.3018
22-05-2017,1.3006
23-05-2017,1.2984
24-05-2017,1.2935
25-05-2017,1.2954
26-05-2017,1.2795
30-05-2017,1.2858
31-05-2017,1.2905
01-06-2017,1.2894
02-06-2017,1.2885
05-06-2017,1.2917
06-06-2017,1.2901
07-06-2017,1.2941
08-06-2017,1.2939
09-06-2017,1.2737
12-06-2017,1.2658
13-06-2017,1.2739
14-06-2017,1.2808
15-06-2017,1.2768
16-06-2017,1.2778
19-06-2017,1.2743
20-06-2017,1.2628
21-06-2017,1.2667
22-06-2017,1.2659
23-06-2017,1.2727
26-06-2017,1.2732
27-06-2017,1.2791
28-06-2017,1.2936
29-06-2017,1.2984
30-06-2017,1.2995
03-07-2017,1.2951
05-07-2017,1.2934
06-07-2017,1.2967
07-07-2017,1.288
10-07-2017,1.2884
11-07-2017,1.2851
12-07-2017,1.2889
13-07-2017,1.2921
14-07-2017,1.3079
17-07-2017,1.3058
18-07-2017,1.3026
19-07-2017,1.3036
20-07-2017,1.2976
21-07-2017,1.2968
24-07-2017,1.3028
25-07-2017,1.3046
26-07-2017,1.3048
27-07-2017,1.3065
28-07-2017,1.3124
31-07-2017,1.3196
01-08-2017,1.3206
02-08-2017,1.3236
03-08-2017,1.3144
04-08-2017,1.3036
07-08-2017,1.3021
08-08-2017,1.2968
09-08-2017,1.2997
10-08-2017,1.2978
11-08-2017,1.2988
14-08-2017,1.2975
15-08-2017,1.2862
16-08-2017,1.286
17-08-2017,1.2888
18-08-2017,1.2847
21-08-2017,1.2903
22-08-2017,1.2834
23-08-2017,1.2787
24-08-2017,1.2802
25-08-2017,1.2873
28-08-2017,1.2927
29-08-2017,1.2937
30-08-2017,1.2934
31-08-2017,1.2888
01-09-2017,1.2972
05-09-2017,1.3013
06-09-2017,1.3073
07-09-2017,1.3094
08-09-2017,1.3211
11-09-2017,1.3173
12-09-2017,1.328
13-09-2017,1.3218
14-09-2017,1.3398
15-09-2017,1.3578
18-09-2017,1.3485
19-09-2017,1.3517
20-09-2017,1.3564
21-09-2017,1.3576
22-09-2017,1.3531
25-09-2017,1.3457
26-09-2017,1.3422
27-09-2017,1.3401
28-09-2017,1.3435
29-09-2017,1.3402
02-10-2017,1.3268
03-10-2017,1.3251
04-10-2017,1.3268
05-10-2017,1.3132
06-10-2017,1.3063
10-10-2017,1.3215
11-10-2017,1.321
12-10-2017,1.3174
13-10-2017,1.3304
16-10-2017,1.3285
17-10-2017,1.3182
18-10-2017,1.3183
19-10-2017,1.3181
20-10-2017,1.3179
23-10-2017,1.3201
24-10-2017,1.3124
25-10-2017,1.3252
26-10-2017,1.3181
27-10-2017,1.3108
30-10-2017,1.3195
31-10-2017,1.3281
01-11-2017,1.3257
02-11-2017,1.3068
03-11-2017,1.3067
06-11-2017,1.3145
07-11-2017,1.3152
08-11-2017,1.3108
09-11-2017,1.3133
13-11-2017,1.3101
14-11-2017,1.3128
15-11-2017,1.3165
16-11-2017,1.3197
17-11-2017,1.3222
20-11-2017,1.3241
21-11-2017,1.3232
22-11-2017,1.3291
24-11-2017,1.3336
27-11-2017,1.3333
28-11-2017,1.3231
29-11-2017,1.3436
30-11-2017,1.3506
01-12-2017,1.3505
04-12-2017,1.3465
05-12-2017,1.345
06-12-2017,1.3382
07-12-2017,1.3432
08-12-2017,1.3367
11-12-2017,1.3363
12-12-2017,1.3323
13-12-2017,1.3365
14-12-2017,1.344
15-12-2017,1.3316
18-12-2017,1.3398
19-12-2017,1.3356
20-12-2017,1.3408
21-12-2017,1.3372
22-12-2017,1.3379
26-12-2017,1.3369
27-12-2017,1.3403
28-12-2017,1.345
29-12-2017,1.3529
02-01-2018,1.3596
03-01-2018,1.3522
04-01-2018,1.3539
05-01-2018,1.3562
08-01-2018,1.3566
09-01-2018,1.3518
10-01-2018,1.3513
11-01-2018,1.3543
12-01-2018,1.3689
16-01-2018,1.3774
17-01-2018,1.3824
18-01-2018,1.3889
19-01-2018,1.3857
22-01-2018,1.3944
23-01-2018,1.3968
24-01-2018,1.4198
25-01-2018,1.4264
26-01-2018,1.4179
29-01-2018,1.4042
30-01-2018,1.4124
31-01-2018,1.419
01-02-2018,1.4247
02-02-2018,1.4126
05-02-2018,1.4022
06-02-2018,1.3951
07-02-2018,1.3881
08-02-2018,1.3915
09-02-2018,1.3794
12-02-2018,1.382
13-02-2018,1.3892
14-02-2018,1.3955
15-02-2018,1.4061
16-02-2018,1.4055
20-02-2018,1.4021
21-02-2018,1.3946
22-02-2018,1.3939
23-02-2018,1.3979
26-02-2018,1.3952
27-02-2018,1.3906
28-02-2018,1.3794
01-03-2018,1.3755
02-03-2018,1.3769
05-03-2018,1.3856
06-03-2018,1.3886
07-03-2018,1.3888
08-03-2018,1.3824
09-03-2018,1.3863
12-03-2018,1.3898
13-03-2018,1.3987
14-03-2018,1.3946
15-03-2018,1.3951
16-03-2018,1.3919
19-03-2018,1.4032
20-03-2018,1.4013
21-03-2018,1.4064
22-03-2018,1.4098
23-03-2018,1.4151
26-03-2018,1.4236
27-03-2018,1.4161
28-03-2018,1.411
29-03-2018,1.4029
30-03-2018,1.4027
02-04-2018,1.4032
03-04-2018,1.4068
04-04-2018,1.4076
05-04-2018,1.3991
06-04-2018,1.4088
09-04-2018,1.4136
10-04-2018,1.4161
11-04-2018,1.4194
12-04-2018,1.4244
13-04-2018,1.4255
16-04-2018,1.4332
17-04-2018,1.4301
18-04-2018,1.4227
19-04-2018,1.4193
20-04-2018,1.4033
23-04-2018,1.3953
24-04-2018,1.3975
25-04-2018,1.3941
26-04-2018,1.3927
27-04-2018,1.3785
30-04-2018,1.3751
01-05-2018,1.3611
02-05-2018,1.361
03-05-2018,1.3569
04-05-2018,1.3535
07-05-2018,1.3567
08-05-2018,1.3521
09-05-2018,1.3567
10-05-2018,1.3487
11-05-2018,1.3549
14-05-2018,1.3595
15-05-2018,1.3512
16-05-2018,1.3478
17-05-2018,1.3507
18-05-2018,1.3476
21-05-2018,1.3418
22-05-2018,1.3445
23-05-2018,1.3341
24-05-2018,1.3384
25-05-2018,1.3321
29-05-2018,1.3258
30-05-2018,1.3296
31-05-2018,1.3289
01-06-2018,1.3358
04-06-2018,1.3314
05-06-2018,1.336
06-06-2018,1.3429
07-06-2018,1.3427
08-06-2018,1.3406
11-06-2018,1.3386
12-06-2018,1.3416
13-06-2018,1.3378
14-06-2018,1.3333
15-06-2018,1.3283
18-06-2018,1.3247
19-06-2018,1.3172
20-06-2018,1.3213
21-06-2018,1.3251
22-06-2018,1.3258
25-06-2018,1.3273
26-06-2018,1.3243
27-06-2018,1.3139
28-06-2018,1.3095
29-06-2018,1.3197
02-07-2018,1.3133
03-07-2018,1.3174
05-07-2018,1.3228
06-07-2018,1.3262
09-07-2018,1.3202
10-07-2018,1.3266
11-07-2018,1.3241
12-07-2018,1.3238
13-07-2018,1.3216
16-07-2018,1.3236
17-07-2018,1.3161
18-07-2018,1.305
19-07-2018,1.2987
20-07-2018,1.3114
23-07-2018,1.3105
24-07-2018,1.3135
25-07-2018,1.315
26-07-2018,1.3119
27-07-2018,1.3118
30-07-2018,1.314
31-07-2018,1.3125
01-08-2018,1.312
02-08-2018,1.3035
03-08-2018,1.3021
06-08-2018,1.2947
07-08-2018,1.2957
08-08-2018,1.288
09-08-2018,1.287
10-08-2018,1.2769
13-08-2018,1.2757
14-08-2018,1.2738
15-08-2018,1.2685
16-08-2018,1.2722
17-08-2018,1.2735
20-08-2018,1.2765
21-08-2018,1.286
22-08-2018,1.291
23-08-2018,1.283
24-08-2018,1.2858
27-08-2018,1.2891
28-08-2018,1.2886
29-08-2018,1.3006
30-08-2018,1.2997
31-08-2018,1.2964
04-09-2018,1.2833
05-09-2018,1.2903
06-09-2018,1.2933
07-09-2018,1.2934
10-09-2018,1.3026
11-09-2018,1.3015
12-09-2018,1.3029
13-09-2018,1.3104
14-09-2018,1.3084
17-09-2018,1.3146
18-09-2018,1.3158
19-09-2018,1.3162
20-09-2018,1.3237
21-09-2018,1.3067
24-09-2018,1.3128
25-09-2018,1.3162
26-09-2018,1.3182
27-09-2018,1.3104
28-09-2018,1.3053
01-10-2018,1.3032
02-10-2018,1.2984
03-10-2018,1.2993
04-10-2018,1.3014
05-10-2018,1.3101
09-10-2018,1.3139
10-10-2018,1.3206
11-10-2018,1.3193
12-10-2018,1.3154
15-10-2018,1.3168
16-10-2018,1.321
17-10-2018,1.3137
18-10-2018,1.3061
19-10-2018,1.3045
22-10-2018,1.2974
23-10-2018,1.2982
24-10-2018,1.2898
25-10-2018,1.2827
26-10-2018,1.2826
29-10-2018,1.2807
30-10-2018,1.2731
31-10-2018,1.2779
01-11-2018,1.2974
02-11-2018,1.2965
05-11-2018,1.302
06-11-2018,1.3076
07-11-2018,1.3144
08-11-2018,1.3116
09-11-2018,1.2978
13-11-2018,1.3031
14-11-2018,1.3011
15-11-2018,1.2749
16-11-2018,1.2839
19-11-2018,1.2842
20-11-2018,1.2809
21-11-2018,1.2776
23-11-2018,1.2804
26-11-2018,1.2809
27-11-2018,1.2729
28-11-2018,1.2766
29-11-2018,1.2789
30-11-2018,1.2772
03-12-2018,1.2742
04-12-2018,1.2719
06-12-2018,1.2777
07-12-2018,1.2749
10-12-2018,1.2558
11-12-2018,1.2524
12-12-2018,1.2658
13-12-2018,1.2635
14-12-2018,1.257
17-12-2018,1.2606
18-12-2018,1.2644
19-12-2018,1.2669
20-12-2018,1.265
21-12-2018,1.2681
26-12-2018,1.2676
27-12-2018,1.2627
28-12-2018,1.2699
31-12-2018,1.2763
02-01-2019,1.2598
03-01-2019,1.2633
04-01-2019,1.274
07-01-2019,1.2757
08-01-2019,1.2724
09-01-2019,1.2764
10-01-2019,1.2768
11-01-2019,1.2836
15-01-2019,1.2761
16-01-2019,1.2862
17-01-2019,1.294
18-01-2019,1.2898
22-01-2019,1.2955
23-01-2019,1.3074
24-01-2019,1.3027
25-01-2019,1.3176
28-01-2019,1.3158
29-01-2019,1.3146
30-01-2019,1.3062
31-01-2019,1.3135
01-02-2019,1.3094
04-02-2019,1.3068
05-02-2019,1.2947
06-02-2019,1.2956
07-02-2019,1.2966
08-02-2019,1.2933
11-02-2019,1.2862
12-02-2019,1.2887
13-02-2019,1.2865
14-02-2019,1.2793
15-02-2019,1.2857
19-02-2019,1.3036
21-02-2019,1.306
22-02-2019,1.3067
25-02-2019,1.3059
26-02-2019,1.3252
27-02-2019,1.3318
28-02-2019,1.3274
01-03-2019,1.3222
04-03-2019,1.3186
05-03-2019,1.3141
06-03-2019,1.3148
07-03-2019,1.3107
08-03-2019,1.301
11-03-2019,1.3095
12-03-2019,1.3101
13-03-2019,1.323
14-03-2019,1.3281
15-03-2019,1.3278
18-03-2019,1.3223
19-03-2019,1.3263
20-03-2019,1.3191
21-03-2019,1.3073
22-03-2019,1.3219
25-03-2019,1.3203
26-03-2019,1.3215
27-03-2019,1.3192
28-03-2019,1.3088
29-03-2019,1.3032
01-04-2019,1.3144
02-04-2019,1.3035
03-04-2019,1.3181
04-04-2019,1.3072
05-04-2019,1.301
08-04-2019,1.3048
09-04-2019,1.3048
10-04-2019,1.31
11-04-2019,1.3068
12-04-2019,1.3086
15-04-2019,1.3105
16-04-2019,1.3049
17-04-2019,1.3036
18-04-2019,1.3003
19-04-2019,1.3003
22-04-2019,1.2983
23-04-2019,1.2943
24-04-2019,1.2947
25-04-2019,1.2901
26-04-2019,1.293
29-04-2019,1.2924
30-04-2019,1.303
01-05-2019,1.3091
02-05-2019,1.3032
03-05-2019,1.3139
06-05-2019,1.3093
07-05-2019,1.3052
08-05-2019,1.3014
09-05-2019,1.3013
10-05-2019,1.3036
13-05-2019,1.2961
14-05-2019,1.2921
15-05-2019,1.2878
16-05-2019,1.2803
17-05-2019,1.2723
20-05-2019,1.2718
21-05-2019,1.2747
22-05-2019,1.2674
23-05-2019,1.2666
24-05-2019,1.27
28-05-2019,1.2668
29-05-2019,1.2631
30-05-2019,1.2619
31-05-2019,1.262
03-06-2019,1.2621
04-06-2019,1.2675
05-06-2019,1.2706
06-06-2019,1.2713
07-06-2019,1.274
10-06-2019,1.2684
11-06-2019,1.2724
12-06-2019,1.2693
13-06-2019,1.2678
14-06-2019,1.2601
17-06-2019,1.2568
18-06-2019,1.2547
19-06-2019,1.2625
20-06-2019,1.27
21-06-2019,1.2703
24-06-2019,1.2728
25-06-2019,1.2721
26-06-2019,1.2697
27-06-2019,1.2674
28-06-2019,1.2704
01-07-2019,1.2644
02-07-2019,1.2599
03-07-2019,1.2568
05-07-2019,1.2506
08-07-2019,1.2503
09-07-2019,1.2463
10-07-2019,1.2507
11-07-2019,1.2549
12-07-2019,1.2553
15-07-2019,1.2523
16-07-2019,1.2408
17-07-2019,1.2438
18-07-2019,1.2494
19-07-2019,1.25
22-07-2019,1.2475
23-07-2019,1.2449
24-07-2019,1.2498
25-07-2019,1.2471
26-07-2019,1.2387
29-07-2019,1.2236
30-07-2019,1.2148
31-07-2019,1.222
01-08-2019,1.2145
02-08-2019,1.2132
05-08-2019,1.2165
06-08-2019,1.2149
07-08-2019,1.2158
08-08-2019,1.2138
09-08-2019,1.2085
12-08-2019,1.207
13-08-2019,1.2067
14-08-2019,1.2068
15-08-2019,1.2112
16-08-2019,1.2152
19-08-2019,1.2138
20-08-2019,1.2153
21-08-2019,1.2142
22-08-2019,1.225
23-08-2019,1.2261
26-08-2019,1.2232
27-08-2019,1.2288
28-08-2019,1.2248
29-08-2019,1.2197
30-08-2019,1.2166
03-09-2019,1.2086
04-09-2019,1.219
05-09-2019,1.2337
06-09-2019,1.2299
09-09-2019,1.2368
10-09-2019,1.2355
11-09-2019,1.2329
12-09-2019,1.2357
13-09-2019,1.2462
16-09-2019,1.2423
17-09-2019,1.2493
18-09-2019,1.2478
19-09-2019,1.2481
20-09-2019,1.2489
23-09-2019,1.2428
24-09-2019,1.2475
25-09-2019,1.2363
26-09-2019,1.2343
27-09-2019,1.2312
30-09-2019,1.2305
01-10-2019,1.2242
02-10-2019,1.2313
03-10-2019,1.239
04-10-2019,1.2309
07-10-2019,1.2322
08-10-2019,1.2206
09-10-2019,1.2215
10-10-2019,1.2382
11-10-2019,1.2683
15-10-2019,1.2737
16-10-2019,1.2854
17-10-2019,1.2853
18-10-2019,1.2904
21-10-2019,1.2983
22-10-2019,1.2948
23-10-2019,1.2886
24-10-2019,1.281
25-10-2019,1.2833
28-10-2019,1.286
29-10-2019,1.2905
30-10-2019,1.2872
31-10-2019,1.2939
01-11-2019,1.295
04-11-2019,1.2906
05-11-2019,1.287
06-11-2019,1.2872
07-11-2019,1.2829
08-11-2019,1.279
12-11-2019,1.2855
13-11-2019,1.284
14-11-2019,1.2879
15-11-2019,1.2901
18-11-2019,1.2965
19-11-2019,1.2926
20-11-2019,1.2918
21-11-2019,1.2915
22-11-2019,1.2829
25-11-2019,1.2885
26-11-2019,1.285
27-11-2019,1.2881
29-11-2019,1.2939
02-12-2019,1.2936
03-12-2019,1.3002
04-12-2019,1.3095
05-12-2019,1.3165
06-12-2019,1.3127
09-12-2019,1.3157
10-12-2019,1.3178
11-12-2019,1.3176
12-12-2019,1.3133
13-12-2019,1.3349
16-12-2019,1.333
17-12-2019,1.3116
18-12-2019,1.3078
19-12-2019,1.3034
20-12-2019,1.3036
23-12-2019,1.2917
24-12-2019,1.2955
26-12-2019,1.3007
27-12-2019,1.309
30-12-2019,1.314
31-12-2019,1.3269
02-01-2020,1.3128
03-01-2020,1.3091
06-01-2020,1.3163
07-01-2020,1.3127
08-01-2020,1.311
09-01-2020,1.3069
10-01-2020,1.306
13-01-2020,1.2983
14-01-2020,1.3018
15-01-2020,1.303
16-01-2020,1.3076
17-01-2020,1.3029
21-01-2020,1.3047
22-01-2020,1.3136
23-01-2020,1.3104
24-01-2020,1.3071
27-01-2020,1.3054
28-01-2020,1.2996
29-01-2020,1.3012
30-01-2020,1.3106
31-01-2020,1.3195
03-02-2020,1.3006
04-02-2020,1.3029
05-02-2020,1.3
06-02-2020,1.2935
07-02-2020,1.2908
10-02-2020,1.2919
11-02-2020,1.2945
12-02-2020,1.2978
13-02-2020,1.3051
14-02-2020,1.3039
18-02-2020,1.3017
19-02-2020,1.2934
20-02-2020,1.2877
21-02-2020,1.2966
24-02-2020,1.2923
25-02-2020,1.3004
26-02-2020,1.2921
27-02-2020,1.2876
28-02-2020,1.2778
02-03-2020,1.2791
03-03-2020,1.2827
04-03-2020,1.2836
05-03-2020,1.2939
06-03-2020,1.301
09-03-2020,1.31
10-03-2020,1.2933
11-03-2020,1.2887
12-03-2020,1.2541
13-03-2020,1.2406
16-03-2020,1.2278
17-03-2020,1.2017
18-03-2020,1.176
19-03-2020,1.1662
20-03-2020,1.1743
23-03-2020,1.1492
24-03-2020,1.1784
25-03-2020,1.1763
26-03-2020,1.214
27-03-2020,1.236
30-03-2020,1.2392
31-03-2020,1.2454
01-04-2020,1.2394
02-04-2020,1.238
03-04-2020,1.2228
06-04-2020,1.2298
07-04-2020,1.2343
08-04-2020,1.2394
09-04-2020,1.2458
10-04-2020,1.2485
13-04-2020,1.2518
14-04-2020,1.2617
15-04-2020,1.2523
16-04-2020,1.2433
17-04-2020,1.2503
20-04-2020,1.2467
21-04-2020,1.2266
22-04-2020,1.2332
23-04-2020,1.2369
24-04-2020,1.2335
27-04-2020,1.2421
28-04-2020,1.2438
29-04-2020,1.2429
30-04-2020,1.2602
01-05-2020,1.2509
04-05-2020,1.243
05-05-2020,1.2449
06-05-2020,1.2347
07-05-2020,1.2349
08-05-2020,1.2436
11-05-2020,1.233
12-05-2020,1.2299
13-05-2020,1.2225
14-05-2020,1.2194
15-05-2020,1.2129
18-05-2020,1.2211
19-05-2020,1.2255
20-05-2020,1.2257
21-05-2020,1.2227
22-05-2020,1.2178
26-05-2020,1.2337
27-05-2020,1.2231
28-05-2020,1.2325
29-05-2020,1.232
01-06-2020,1.2472
02-06-2020,1.2531
03-06-2020,1.26
04-06-2020,1.2608
05-06-2020,1.2703
08-06-2020,1.2694
09-06-2020,1.2736
10-06-2020,1.2758
11-06-2020,1.2635
12-06-2020,1.2527
15-06-2020,1.2543
16-06-2020,1.2586
17-06-2020,1.2526
18-06-2020,1.243
19-06-2020,1.2362
22-06-2020,1.2447
23-06-2020,1.2531
24-06-2020,1.2432
25-06-2020,1.2406
26-06-2020,1.2337
29-06-2020,1.2279
30-06-2020,1.2369
01-07-2020,1.2474
02-07-2020,1.2469
06-07-2020,1.2482
07-07-2020,1.2572
08-07-2020,1.2593
09-07-2020,1.2614
10-07-2020,1.2654
13-07-2020,1.2614
14-07-2020,1.2546
15-07-2020,1.2586
16-07-2020,1.2621
17-07-2020,1.255
20-07-2020,1.2658
21-07-2020,1.2736
22-07-2020,1.2729
23-07-2020,1.2759
24-07-2020,1.2791
27-07-2020,1.2887
28-07-2020,1.295
29-07-2020,1.2974
30-07-2020,1.3035
31-07-2020,1.3133
03-08-2020,1.3053
04-08-2020,1.3059
05-08-2020,1.3141
06-08-2020,1.3147
07-08-2020,1.3043
10-08-2020,1.3082
11-08-2020,1.3077
12-08-2020,1.3047
13-08-2020,1.3082
14-08-2020,1.3108
17-08-2020,1.3105
18-08-2020,1.3228
19-08-2020,1.3191
20-08-2020,1.319
21-08-2020,1.3098
24-08-2020,1.3078
25-08-2020,1.3136
26-08-2020,1.3186
27-08-2020,1.3229
28-08-2020,1.3341
31-08-2020,1.3375
01-09-2020,1.3416
02-09-2020,1.3315
03-09-2020,1.3263
04-09-2020,1.323
08-09-2020,1.3039
09-09-2020,1.3011
10-09-2020,1.2846
11-09-2020,1.2788
14-09-2020,1.2876
15-09-2020,1.2866
16-09-2020,1.298
17-09-2020,1.2955
18-09-2020,1.295
21-09-2020,1.2794
22-09-2020,1.2726
23-09-2020,1.275
24-09-2020,1.2739
25-09-2020,1.2706
28-09-2020,1.2865
29-09-2020,1.2847
30-09-2020,1.2921
01-10-2020,1.2901
02-10-2020,1.2928
05-10-2020,1.2972
06-10-2020,1.2945
07-10-2020,1.2914
08-10-2020,1.2944
09-10-2020,1.3003
13-10-2020,1.2968
14-10-2020,1.3023
15-10-2020,1.2917
16-10-2020,1.2931
19-10-2020,1.2998
20-10-2020,1.2951
21-10-2020,1.3143
22-10-2020,1.309
23-10-2020,1.3039
26-10-2020,1.3021
27-10-2020,1.3067
28-10-2020,1.2997
29-10-2020,1.289
30-10-2020,1.2933
02-11-2020,1.2904
03-11-2020,1.305
04-11-2020,1.3021
05-11-2020,1.3116
06-11-2020,1.3162
09-11-2020,1.3137
10-11-2020,1.3234
12-11-2020,1.3142
13-11-2020,1.3176
16-11-2020,1.3197
17-11-2020,1.3247
18-11-2020,1.3299
19-11-2020,1.3225
20-11-2020,1.3294
23-11-2020,1.33
24-11-2020,1.335
25-11-2020,1.3378
30-11-2020,1.3338
01-12-2020,1.3392
02-12-2020,1.3348
03-12-2020,1.3496
04-12-2020,1.3485
07-12-2020,1.3353
08-12-2020,1.3358
09-12-2020,1.3392
10-12-2020,1.3293
11-12-2020,1.3197
14-12-2020,1.3324
15-12-2020,1.3434
16-12-2020,1.3503
17-12-2020,1.3609
18-12-2020,1.3497
21-12-2020,1.3354
22-12-2020,1.3349
23-12-2020,1.351
28-12-2020,1.3447
29-12-2020,1.3512
30-12-2020,1.3605
31-12-2020,1.3662
04-01-2021,1.3551
05-01-2021,1.362
06-01-2021,1.3593
07-01-2021,1.3551
08-01-2021,1.3583
11-01-2021,1.3522
12-01-2021,1.3637
13-01-2021,1.3631
14-01-2021,1.369
15-01-2021,1.3599
19-01-2021,1.3627
21-01-2021,1.3721
22-01-2021,1.3685
25-01-2021,1.3668
26-01-2021,1.3729
27-01-2021,1.3688
28-01-2021,1.3727
29-01-2021,1.3723
01-02-2021,1.3672
02-02-2021,1.3644
03-02-2021,1.3652
04-02-2021,1.3665
05-02-2021,1.3714
08-02-2021,1.3738
09-02-2021,1.3796
10-02-2021,1.385
11-02-2021,1.3822
12-02-2021,1.3855
16-02-2021,1.391
17-02-2021,1.3848
18-02-2021,1.3956
19-02-2021,1.4025
22-02-2021,1.4077
23-02-2021,1.4092
24-02-2021,1.4106
25-02-2021,1.4105
26-02-2021,1.3947
01-03-2021,1.3938
02-03-2021,1.3962
03-03-2021,1.3978
04-03-2021,1.3999
05-03-2021,1.3817
08-03-2021,1.381
09-03-2021,1.3884
10-03-2021,1.3899
11-03-2021,1.398
12-03-2021,1.3925
15-03-2021,1.3866
16-03-2021,1.3892
17-03-2021,1.3888
18-03-2021,1.3938
19-03-2021,1.3872
22-03-2021,1.3856
23-03-2021,1.3795
24-03-2021,1.3723
25-03-2021,1.3722
26-03-2021,1.3794
29-03-2021,1.3793
30-03-2021,1.3729
31-03-2021,1.3795
01-04-2021,1.3825
02-04-2021,1.3825
05-04-2021,1.3907
06-04-2021,1.3849
07-04-2021,1.3757
08-04-2021,1.3739
09-04-2021,1.3734
12-04-2021,1.3741
13-04-2021,1.3742
14-04-2021,1.379
15-04-2021,1.3781
16-04-2021,1.3826
19-04-2021,1.3977
20-04-2021,1.3955
21-04-2021,1.3936
22-04-2021,1.3851
23-04-2021,1.3845
26-04-2021,1.389
27-04-2021,1.3908
28-04-2021,1.3917
29-04-2021,1.3956
30-04-2021,1.3838
03-05-2021,1.3913
04-05-2021,1.3873
05-05-2021,1.3913
06-05-2021,1.388
07-05-2021,1.4
10-05-2021,1.4153
11-05-2021,1.4149
12-05-2021,1.4081
13-05-2021,1.4033
14-05-2021,1.4096
17-05-2021,1.4127
18-05-2021,1.4184
19-05-2021,1.4169
20-05-2021,1.4182
21-05-2021,1.4158
24-05-2021,1.4147
25-05-2021,1.4123
26-05-2021,1.4129
27-05-2021,1.4172
28-05-2021,1.4188
01-06-2021,1.4168
02-06-2021,1.4177
03-06-2021,1.4099
04-06-2021,1.4175
07-06-2021,1.4179
08-06-2021,1.4146
09-06-2021,1.4124
10-06-2021,1.4165
11-06-2021,1.4114
14-06-2021,1.4116
15-06-2021,1.4073
16-06-2021,1.411
17-06-2021,1.3916
18-06-2021,1.3817
21-06-2021,1.3915
22-06-2021,1.3921
23-06-2021,1.3977
24-06-2021,1.3907
25-06-2021,1.3899
28-06-2021,1.3895
29-06-2021,1.3845
30-06-2021,1.3806
01-07-2021,1.378
02-07-2021,1.3795
06-07-2021,1.3792
07-07-2021,1.3792
08-07-2021,1.3767
09-07-2021,1.3842
12-07-2021,1.3886
13-07-2021,1.3847
14-07-2021,1.3854
15-07-2021,1.3849
16-07-2021,1.3785
19-07-2021,1.369
20-07-2021,1.3615
21-07-2021,1.3695
22-07-2021,1.375
23-07-2021,1.3749
26-07-2021,1.3829
27-07-2021,1.3884
28-07-2021,1.3884
29-07-2021,1.3966
30-07-2021,1.3913
02-08-2021,1.3886
03-08-2021,1.3905
04-08-2021,1.3912
05-08-2021,1.3929
06-08-2021,1.3873
09-08-2021,1.3852
10-08-2021,1.384
11-08-2021,1.3866
12-08-2021,1.3833
13-08-2021,1.3857
16-08-2021,1.3849
17-08-2021,1.3739
18-08-2021,1.3749
19-08-2021,1.3673
20-08-2021,1.3625
23-08-2021,1.3717
24-08-2021,1.3716
25-08-2021,1.3723
26-08-2021,1.3712
27-08-2021,1.3769
30-08-2021,1.3758
31-08-2021,1.3747
01-09-2021,1.379
02-09-2021,1.3825
03-09-2021,1.3862
07-09-2021,1.3792
08-09-2021,1.3761
09-09-2021,1.3855
10-09-2021,1.3847
13-09-2021,1.3844
14-09-2021,1.3848
15-09-2021,1.3837
16-09-2021,1.3785
17-09-2021,1.3755
20-09-2021,1.3656
21-09-2021,1.3663
22-09-2021,1.3669
23-09-2021,1.3745
24-09-2021,1.3681
27-09-2021,1.3712
28-09-2021,1.3537
29-09-2021,1.3439
30-09-2021,1.347
01-10-2021,1.3572
04-10-2021,1.3602
05-10-2021,1.364
06-10-2021,1.3569
07-10-2021,1.3634
08-10-2021,1.363
12-10-2021,1.3605
13-10-2021,1.3645
14-10-2021,1.3684
15-10-2021,1.3756
18-10-2021,1.3726
19-10-2021,1.3807
20-10-2021,1.3821
21-10-2021,1.3812
22-10-2021,1.3741
25-10-2021,1.3773
26-10-2021,1.3772
27-10-2021,1.3739
28-10-2021,1.3804
29-10-2021,1.3686
01-11-2021,1.3679
02-11-2021,1.3612
03-11-2021,1.3659
04-11-2021,1.3494
05-11-2021,1.3491
08-11-2021,1.3563
09-11-2021,1.3551
10-11-2021,1.347
12-11-2021,1.3412
15-11-2021,1.3444
16-11-2021,1.3429
17-11-2021,1.3488
18-11-2021,1.3489
19-11-2021,1.3474
22-11-2021,1.3412
23-11-2021,1.3388
24-11-2021,1.3332
26-11-2021,1.3322
29-11-2021,1.3291
30-11-2021,1.3252
01-12-2021,1.3308
02-12-2021,1.3305
03-12-2021,1.3234
06-12-2021,1.3252
07-12-2021,1.3236
08-12-2021,1.3236
09-12-2021,1.3188
10-12-2021,1.3262
13-12-2021,1.3233
14-12-2021,1.3225
15-12-2021,1.3214
16-12-2021,1.3325
17-12-2021,1.3269
20-12-2021,1.3222
21-12-2021,1.3253
22-12-2021,1.3345
23-12-2021,1.341
27-12-2021,1.3438
28-12-2021,1.3432
29-12-2021,1.3475
30-12-2021,1.35
03-01-2022,1.3469
04-01-2022,1.3544
05-01-2022,1.3573
06-01-2022,1.3539
07-01-2022,1.3583
10-01-2022,1.3567
11-01-2022,1.3622
12-01-2022,1.3698
13-01-2022,1.3724
14-01-2022,1.367
18-01-2022,1.3588
19-01-2022,1.3625
20-01-2022,1.3642
21-01-2022,1.3562
24-01-2022,1.3447
25-01-2022,1.3495
26-01-2022,1.3516
27-01-2022,1.3385
28-01-2022,1.3417
31-01-2022,1.3439
01-02-2022,1.3505
02-02-2022,1.3565
03-02-2022,1.3602
04-02-2022,1.3543
07-02-2022,1.3533
08-02-2022,1.3552
09-02-2022,1.354
10-02-2022,1.3636
11-02-2022,1.3601
14-02-2022,1.3516
15-02-2022,1.3539
16-02-2022,1.3585
17-02-2022,1.3624
18-02-2022,1.3585
22-02-2022,1.3597
23-02-2022,1.3555
24-02-2022,1.336
25-02-2022,1.3407
28-02-2022,1.3419
01-03-2022,1.3318
02-03-2022,1.3365
03-03-2022,1.3326
04-03-2022,1.3214
07-03-2022,1.3115
08-03-2022,1.3101
09-03-2022,1.316
10-03-2022,1.3108
11-03-2022,1.3063
14-03-2022,1.3044
15-03-2022,1.3065
16-03-2022,1.3096
17-03-2022,1.3159
18-03-2022,1.3169
21-03-2022,1.3201
22-03-2022,1.3258
23-03-2022,1.3212
24-03-2022,1.3183
25-03-2022,1.3193
28-03-2022,1.3091
29-03-2022,1.3125
30-03-2022,1.3149
31-03-2022,1.3152
01-04-2022,1.3114
04-04-2022,1.3116
05-04-2022,1.3101
06-04-2022,1.3082
07-04-2022,1.306
08-04-2022,1.3032
11-04-2022,1.3033
12-04-2022,1.3031
13-04-2022,1.3072
14-04-2022,1.3052
15-04-2022,1.3066
18-04-2022,1.3019
19-04-2022,1.3009
20-04-2022,1.3055
21-04-2022,1.3042
22-04-2022,1.2848
25-04-2022,1.2698
26-04-2022,1.2617
27-04-2022,1.2547
28-04-2022,1.2443
29-04-2022,1.2565
02-05-2022,1.2523
03-05-2022,1.251
04-05-2022,1.2487
05-05-2022,1.2334
06-05-2022,1.2344
09-05-2022,1.2335
10-05-2022,1.2313
11-05-2022,1.2317
12-05-2022,1.2198
13-05-2022,1.2242
16-05-2022,1.227
17-05-2022,1.2468
18-05-2022,1.2396
19-05-2022,1.2504
20-05-2022,1.2492
23-05-2022,1.2571
24-05-2022,1.2544
25-05-2022,1.2539
26-05-2022,1.2582
27-05-2022,1.2613
31-05-2022,1.2624
01-06-2022,1.2472
02-06-2022,1.2557
03-06-2022,1.2496
06-06-2022,1.2544
07-06-2022,1.2594
08-06-2022,1.2557
09-06-2022,1.2511
10-06-2022,1.233
13-06-2022,1.217
14-06-2022,1.2011
15-06-2022,1.2057
16-06-2022,1.2341
17-06-2022,1.2201
21-06-2022,1.2277
22-06-2022,1.228
23-06-2022,1.224
24-06-2022,1.2273
27-06-2022,1.2305
28-06-2022,1.22
29-06-2022,1.2151
30-06-2022,1.2162
01-07-2022,1.2048
05-07-2022,1.1932
06-07-2022,1.1907
07-07-2022,1.1994
08-07-2022,1.2036
11-07-2022,1.1907
12-07-2022,1.1905
13-07-2022,1.1919
14-07-2022,1.1827
15-07-2022,1.1857
18-07-2022,1.1989
19-07-2022,1.2022
20-07-2022,1.1989
21-07-2022,1.1968
22-07-2022,1.2019
25-07-2022,1.2042
26-07-2022,1.2036
27-07-2022,1.2027
28-07-2022,1.2126
29-07-2022,1.2183
01-08-2022,1.2278
02-08-2022,1.2218
03-08-2022,1.2132
04-08-2022,1.2141
05-08-2022,1.2061
08-08-2022,1.2098
09-08-2022,1.2089
10-08-2022,1.2245
11-08-2022,1.223
12-08-2022,1.2132
15-08-2022,1.209
16-08-2022,1.209
17-08-2022,1.203
18-08-2022,1.197
19-08-2022,1.181
22-08-2022,1.1752
23-08-2022,1.1844
24-08-2022,1.1802
25-08-2022,1.1803
26-08-2022,1.1778
29-08-2022,1.1718
30-08-2022,1.1651
31-08-2022,1.1647
01-09-2022,1.1541
02-09-2022,1.1582
06-09-2022,1.1549
07-09-2022,1.1473
08-09-2022,1.1489
09-09-2022,1.16
12-09-2022,1.1701
13-09-2022,1.1526
14-09-2022,1.1564
15-09-2022,1.1472
16-09-2022,1.1419
19-09-2022,1.1403
20-09-2022,1.1405
21-09-2022,1.133
22-09-2022,1.1269
23-09-2022,1.0921
26-09-2022,1.0703
27-09-2022,1.0753
28-09-2022,1.0832
29-09-2022,1.1048
30-09-2022,1.1134
03-10-2022,1.1272
04-10-2022,1.1446
05-10-2022,1.1275
06-10-2022,1.1133
07-10-2022,1.1116
11-10-2022,1.1168
12-10-2022,1.1096
13-10-2022,1.1344
14-10-2022,1.1208
17-10-2022,1.1427
18-10-2022,1.1307
19-10-2022,1.1232
20-10-2022,1.1288
21-10-2022,1.1292
24-10-2022,1.1295
25-10-2022,1.1469
26-10-2022,1.1615
27-10-2022,1.1574
28-10-2022,1.1573
31-10-2022,1.1515
01-11-2022,1.146
02-11-2022,1.1467
03-11-2022,1.1183
04-11-2022,1.1279
07-11-2022,1.1463
08-11-2022,1.1595
09-11-2022,1.1396
10-11-2022,1.1677
14-11-2022,1.1728
15-11-2022,1.189
16-11-2022,1.1889
17-11-2022,1.1812
18-11-2022,1.1902
21-11-2022,1.1785
22-11-2022,1.188
23-11-2022,1.204
25-11-2022,1.2102
28-11-2022,1.2041
29-11-2022,1.1996
30-11-2022,1.1962
01-12-2022,1.2252
02-12-2022,1.2292
05-12-2022,1.2169
06-12-2022,1.2202
07-12-2022,1.2194
08-12-2022,1.2235
09-12-2022,1.2311
12-12-2022,1.2285
13-12-2022,1.2375
14-12-2022,1.2408
15-12-2022,1.2206
16-12-2022,1.2168
19-12-2022,1.218
20-12-2022,1.2146
21-12-2022,1.2072
22-12-2022,1.2032
23-12-2022,1.2054
27-12-2022,1.2032
28-12-2022,1.2034
29-12-2022,1.206
30-12-2022,1.2077
03-01-2023,1.197
04-01-2023,1.2063
05-01-2023,1.1902
06-01-2023,1.2064
09-01-2023,1.2206
10-01-2023,1.2155
11-01-2023,1.2125
12-01-2023,1.2182
13-01-2023,1.2194
17-01-2023,1.2264
18-01-2023,1.2369
19-01-2023,1.2366
20-01-2023,1.2374
23-01-2023,1.237
24-01-2023,1.2323
25-01-2023,1.2374
26-01-2023,1.237
27-01-2023,1.2379
30-01-2023,1.2373
31-01-2023,1.2324
01-02-2023,1.2308
02-02-2023,1.226
03-02-2023,1.2073
06-02-2023,1.2009
07-02-2023,1.2013
08-02-2023,1.2093
09-02-2023,1.2157
10-02-2023,1.2061
13-02-2023,1.2136
14-02-2023,1.2157
15-02-2023,1.2031
16-02-2023,1.2018
17-02-2023,1.2012
21-02-2023,1.2111
22-02-2023,1.2064
23-02-2023,1.2016
24-02-2023,1.1948
27-02-2023,1.2036
28-02-2023,1.2093
01-03-2023,1.2034
02-03-2023,1.1942
03-03-2023,1.1996
06-03-2023,1.2048
07-03-2023,1.1857
08-03-2023,1.1837
09-03-2023,1.1922
10-03-2023,1.2043
13-03-2023,1.216
14-03-2023,1.2146
15-03-2023,1.2032
16-03-2023,1.2111
17-03-2023,1.2141
20-03-2023,1.2257
21-03-2023,1.2195
22-03-2023,1.2232
23-03-2023,1.2322
24-03-2023,1.2225
27-03-2023,1.2278
28-03-2023,1.2341
29-03-2023,1.2313
30-03-2023,1.2368
31-03-2023,1.2369
03-04-2023,1.2403
04-04-2023,1.2498
05-04-2023,1.2469
06-04-2023,1.2456
07-04-2023,1.2422
10-04-2023,1.2358
11-04-2023,1.2409
12-04-2023,1.2471
13-04-2023,1.2531
14-04-2023,1.2417
17-04-2023,1.2359
18-04-2023,1.2419
19-04-2023,1.2442
20-04-2023,1.2448
21-04-2023,1.2419
24-04-2023,1.2457
25-04-2023,1.2398
26-04-2023,1.2486
27-04-2023,1.2471
28-04-2023,1.2582
01-05-2023,1.2495
02-05-2023,1.2475
03-05-2023,1.2547
04-05-2023,1.258
05-05-2023,1.265
08-05-2023,1.2633
09-05-2023,1.2618
10-05-2023,1.2614
11-05-2023,1.2501
12-05-2023,1.2464
15-05-2023,1.2526
16-05-2023,1.2494
17-05-2023,1.2475
18-05-2023,1.2424
19-05-2023,1.2464
22-05-2023,1.2425
23-05-2023,1.2423
24-05-2023,1.2368
25-05-2023,1.2325
26-05-2023,1.2342
30-05-2023,1.2403
31-05-2023,1.2396
01-06-2023,1.2536
02-06-2023,1.2468
05-06-2023,1.244
06-06-2023,1.2418
07-06-2023,1.2451
08-06-2023,1.2547
09-06-2023,1.2579
12-06-2023,1.2489
13-06-2023,1.2611
14-06-2023,1.2696
15-06-2023,1.2762
16-06-2023,1.2815
20-06-2023,1.2732
21-06-2023,1.2737
22-06-2023,1.275
23-06-2023,1.2701
26-06-2023,1.2724
27-06-2023,1.2752
28-06-2023,1.2637
29-06-2023,1.2617
30-06-2023,1.2709
03-07-2023,1.2695
05-07-2023,1.271
06-07-2023,1.2721
07-07-2023,1.2838
10-07-2023,1.2837
11-07-2023,1.2901
12-07-2023,1.2993
13-07-2023,1.3097
14-07-2023,1.3113
17-07-2023,1.3078
18-07-2023,1.3054
19-07-2023,1.2898
20-07-2023,1.2849
21-07-2023,1.2854
24-07-2023,1.2828
25-07-2023,1.2876
26-07-2023,1.293
27-07-2023,1.287
28-07-2023,1.287
31-07-2023,1.2857
01-08-2023,1.275
02-08-2023,1.2712
03-08-2023,1.2709
04-08-2023,1.2775
07-08-2023,1.2769
08-08-2023,1.2729
09-08-2023,1.2715
10-08-2023,1.2726
11-08-2023,1.2694
14-08-2023,1.2691
15-08-2023,1.2745
16-08-2023,1.2749
17-08-2023,1.2753
18-08-2023,1.2738
21-08-2023,1.2737
22-08-2023,1.2733
23-08-2023,1.2715
24-08-2023,1.2634
25-08-2023,1.257
28-08-2023,1.2592
29-08-2023,1.2614
30-08-2023,1.2726
31-08-2023,1.2667
01-09-2023,1.2594
05-09-2023,1.2583
06-09-2023,1.2498
07-09-2023,1.2485
08-09-2023,1.2476
11-09-2023,1.2529
12-09-2023,1.2477
13-09-2023,1.2488
14-09-2023,1.241
15-09-2023,1.2392
18-09-2023,1.2403
19-09-2023,1.2393
20-09-2023,1.2389
21-09-2023,1.2299
22-09-2023,1.2257
25-09-2023,1.2218
26-09-2023,1.2168
27-09-2023,1.2133
28-09-2023,1.2223
29-09-2023,1.2214
02-10-2023,1.213
03-10-2023,1.2069
04-10-2023,1.2157
05-10-2023,1.2171
06-10-2023,1.2255
10-10-2023,1.2288
11-10-2023,1.2304
12-10-2023,1.2214
13-10-2023,1.2139
16-10-2023,1.2198
17-10-2023,1.2206
18-10-2023,1.215
19-10-2023,1.2145
20-10-2023,1.2153
23-10-2023,1.2235
24-10-2023,1.217
25-10-2023,1.214
26-10-2023,1.2113
27-10-2023,1.2151
30-10-2023,1.2157
31-10-2023,1.2135
01-11-2023,1.2127
02-11-2023,1.2175
03-11-2023,1.2374
06-11-2023,1.2391
07-11-2023,1.2296
08-11-2023,1.2301
09-11-2023,1.2279
13-11-2023,1.2268
14-11-2023,1.2483
15-11-2023,1.2431
16-11-2023,1.2423
17-11-2023,1.243
20-11-2023,1.2505
21-11-2023,1.254
22-11-2023,1.2468
24-11-2023,1.2601
27-11-2023,1.2613
28-11-2023,1.2713
29-11-2023,1.269
30-11-2023,1.264
01-12-2023,1.2682
04-12-2023,1.2633
05-12-2023,1.259
06-12-2023,1.2589
07-12-2023,1.2582
08-12-2023,1.2539
11-12-2023,1.255
12-12-2023,1.2549
13-12-2023,1.2527
14-12-2023,1.2767
15-12-2023,1.2709
18-12-2023,1.2632
19-12-2023,1.2751
20-12-2023,1.266
21-12-2023,1.2668
22-12-2023,1.272
26-12-2023,1.2709
27-12-2023,1.2797
28-12-2023,1.2743
29-12-2023,1.2743
02-01-2024,1.2632
03-01-2024,1.2641
04-01-2024,1.2692
05-01-2024,1.274
08-01-2024,1.2766
09-01-2024,1.272
10-01-2024,1.273
11-01-2024,1.2712
12-01-2024,1.2746
16-01-2024,1.2657
17-01-2024,1.2666
18-01-2024,1.2687
19-01-2024,1.2677
22-01-2024,1.2728
23-01-2024,1.2661
24-01-2024,1.2754
25-01-2024,1.27
26-01-2024,1.272
29-01-2024,1.2681
30-01-2024,1.2683
31-01-2024,1.2733
01-02-2024,1.2727
02-02-2024,1.2627
05-02-2024,1.2532
06-02-2024,1.2589
07-02-2024,1.2629
08-02-2024,1.262
09-02-2024,1.2628
12-02-2024,1.2631
13-02-2024,1.2606
14-02-2024,1.2562
15-02-2024,1.258
16-02-2024,1.259
20-02-2024,1.2645
21-02-2024,1.2624
22-02-2024,1.2649
23-02-2024,1.2678
26-02-2024,1.2681
27-02-2024,1.2693
28-02-2024,1.267
29-02-2024,1.2632
01-03-2024,1.2652
04-03-2024,1.2701
05-03-2024,1.2712
06-03-2024,1.2757
07-03-2024,1.2796
08-03-2024,1.2852
11-03-2024,1.2807
12-03-2024,1.2786
13-03-2024,1.2799
14-03-2024,1.2749
15-03-2024,1.2742
18-03-2024,1.2736
19-03-2024,1.2713
20-03-2024,1.2713
21-03-2024,1.267
22-03-2024,1.2603
25-03-2024,1.2648
26-03-2024,1.263
27-03-2024,1.2631
28-03-2024,1.2634
29-03-2024,1.2637
01-04-2024,1.2545
02-04-2024,1.2576
03-04-2024,1.2635
04-04-2024,1.2669
05-04-2024,1.2633
08-04-2024,1.2655
09-04-2024,1.2676
10-04-2024,1.2544
11-04-2024,1.2535
12-04-2024,1.2457
15-04-2024,1.2466
16-04-2024,1.2437
17-04-2024,1.2443
18-04-2024,1.2465
19-04-2024,1.2397
22-04-2024,1.2341
23-04-2024,1.2434
24-04-2024,1.2434
25-04-2024,1.2494
26-04-2024,1.2474
29-04-2024,1.2553
30-04-2024,1.2514
01-05-2024,1.2488
02-05-2024,1.2507
03-05-2024,1.255
06-05-2024,1.2575
07-05-2024,1.2535
08-05-2024,1.2503
09-05-2024,1.2505
10-05-2024,1.2528
13-05-2024,1.2563
14-05-2024,1.2588
15-05-2024,1.2658
16-05-2024,1.2682
17-05-2024,1.2703
20-05-2024,1.2708
21-05-2024,1.271
22-05-2024,1.2739
23-05-2024,1.2717
24-05-2024,1.2746
28-05-2024,1.2786
29-05-2024,1.2714
30-05-2024,1.2739
31-05-2024,1.2738
03-06-2024,1.2795
04-06-2024,1.2785
05-06-2024,1.2771
06-06-2024,1.2786
07-06-2024,1.2727
10-06-2024,1.2733
11-06-2024,1.2725
12-06-2024,1.2843
13-06-2024,1.2764
14-06-2024,1.2685
17-06-2024,1.2689
18-06-2024,1.2699
20-06-2024,1.2671
21-06-2024,1.2645
24-06-2024,1.2684
25-06-2024,1.2677
26-06-2024,1.2625
27-06-2024,1.2653
28-06-2024,1.264
01-07-2024,1.265
02-07-2024,1.2679
03-07-2024,1.2766
05-07-2024,1.2807
08-07-2024,1.2829
09-07-2024,1.2787
10-07-2024,1.2842
11-07-2024,1.292
12-07-2024,1.2986
15-07-2024,1.2986
16-07-2024,1.2958
17-07-2024,1.3008
18-07-2024,1.2973
19-07-2024,1.2922
22-07-2024,1.2911
23-07-2024,1.2916
24-07-2024,1.2925
25-07-2024,1.2884
26-07-2024,1.2864
29-07-2024,1.2853
30-07-2024,1.2828
31-07-2024,1.284
01-08-2024,1.2772
02-08-2024,1.2798
05-08-2024,1.2765
06-08-2024,1.2695
07-08-2024,1.2718
08-08-2024,1.2741
09-08-2024,1.2766
12-08-2024,1.2776
13-08-2024,1.2828
14-08-2024,1.2849
15-08-2024,1.2863
16-08-2024,1.2906
19-08-2024,1.2984
20-08-2024,1.3027
21-08-2024,1.3077
22-08-2024,1.3094
23-08-2024,1.3197
26-08-2024,1.3185
27-08-2024,1.3235
28-08-2024,1.3201
29-08-2024,1.3186
30-08-2024,1.3132
03-09-2024,1.3103
04-09-2024,1.3142
05-09-2024,1.3165
06-09-2024,1.3136
09-09-2024,1.3083
10-09-2024,1.3065
11-09-2024,1.3027
12-09-2024,1.3081
13-09-2024,1.314
16-09-2024,1.3202
17-09-2024,1.3164
18-09-2024,1.3199
19-09-2024,1.3279
20-09-2024,1.3305
23-09-2024,1.3351
24-09-2024,1.3376
25-09-2024,1.3338
26-09-2024,1.3428
27-09-2024,1.3394
30-09-2024,1.3399
01-10-2024,1.3282
02-10-2024,1.3271
03-10-2024,1.3114
04-10-2024,1.3107
07-10-2024,1.308
08-10-2024,1.3093
09-10-2024,1.308
10-10-2024,1.3053
11-10-2024,1.307
15-10-2024,1.3083
16-10-2024,1.3
17-10-2024,1.3008
18-10-2024,1.3022
21-10-2024,1.298
22-10-2024,1.2969
23-10-2024,1.2944
24-10-2024,1.2964
25-10-2024,1.2978
28-10-2024,1.2981
29-10-2024,1.3005
30-10-2024,1.3012
31-10-2024,1.2856
01-11-2024,1.2959
04-11-2024,1.2942
05-11-2024,1.3015
06-11-2024,1.2897
07-11-2024,1.2985
08-11-2024,1.2905
12-11-2024,1.2733
13-11-2024,1.2709
14-11-2024,1.2706
15-11-2024,1.2629
18-11-2024,1.2664
19-11-2024,1.2667
20-11-2024,1.2639
21-11-2024,1.2586
22-11-2024,1.2516
25-11-2024,1.2554
26-11-2024,1.2547
27-11-2024,1.2678
29-11-2024,1.2699
02-12-2024,1.2639
03-12-2024,1.2677
04-12-2024,1.2712
05-12-2024,1.2754
06-12-2024,1.2744
09-12-2024,1.2783
10-12-2024,1.2758
11-12-2024,1.2763
12-12-2024,1.2715
13-12-2024,1.2629
16-12-2024,1.269
17-12-2024,1.2718
18-12-2024,1.2696
19-12-2024,1.253
20-12-2024,1.2587
23-12-2024,1.2529
24-12-2024,1.2528
26-12-2024,1.2522
27-12-2024,1.2573
30-12-2024,1.2523
31-12-2024,1.2521
02-01-2025,1.2376
03-01-2025,1.2419
06-01-2025,1.253
07-01-2025,1.2499
08-01-2025,1.2366
09-01-2025,1.2303
10-01-2025,1.2215
13-01-2025,1.2158
14-01-2025,1.2188
15-01-2025,1.2214
16-01-2025,1.2246
17-01-2025,1.2181
21-01-2025,1.2331
22-01-2025,1.2324
23-01-2025,1.2347
24-01-2025,1.2496
27-01-2025,1.2479
28-01-2025,1.2433
29-01-2025,1.2435
30-01-2025,1.2453
31-01-2025,1.2447
03-02-2025,1.2389
04-02-2025,1.2487
05-02-2025,1.2516
06-02-2025,1.2435
07-02-2025,1.2396
10-02-2025,1.2385
11-02-2025,1.2423
12-02-2025,1.2444
13-02-2025,1.2528
14-02-2025,1.2609
18-02-2025,1.2614
19-02-2025,1.2571
20-02-2025,1.2643
21-02-2025,1.2647
24-02-2025,1.264
25-02-2025,1.2652
26-02-2025,1.2696
27-02-2025,1.2628
28-02-2025,1.2591
03-03-2025,1.2711
04-03-2025,1.2726
05-03-2025,1.2864
06-03-2025,1.2894
07-03-2025,1.2918
10-03-2025,1.2909
11-03-2025,1.2948
12-03-2025,1.297
13-03-2025,1.2945
14-03-2025,1.2917
17-03-2025,1.2988
18-03-2025,1.2987
19-03-2025,1.2969
20-03-2025,1.2973
21-03-2025,1.2896
24-03-2025,1.2913
25-03-2025,1.2948
26-03-2025,1.2889
27-03-2025,1.2963
28-03-2025,1.2942
31-03-2025,1.2896
01-04-2025,1.2923
02-04-2025,1.2974
03-04-2025,1.3113
04-04-2025,1.2927
07-04-2025,1.2729
08-04-2025,1.2769
09-04-2025,1.2771
10-04-2025,1.294
11-04-2025,1.3051
14-04-2025,1.3176
15-04-2025,1.3223
16-04-2025,1.3247
17-04-2025,1.3259
18-04-2025,1.3279
21-04-2025,1.3385
22-04-2025,1.3376
23-04-2025,1.3256
24-04-2025,1.3309
25-04-2025,1.3331
28-04-2025,1.3395
29-04-2025,1.3397
30-04-2025,1.3344
01-05-2025,1.3273
02-05-2025,1.3283
05-05-2025,1.3284
06-05-2025,1.3369
07-05-2025,1.3344
08-05-2025,1.3287
09-05-2025,1.3318
12-05-2025,1.3194
13-05-2025,1.328
14-05-2025,1.3303
15-05-2025,1.3292
16-05-2025,1.3257
19-05-2025,1.3357
20-05-2025,1.3371
21-05-2025,1.3447
22-05-2025,1.3426
23-05-2025,1.3511
27-05-2025,1.3505
28-05-2025,1.3462
29-05-2025,1.3489
30-05-2025,1.3468
02-06-2025,1.3549
03-06-2025,1.352
04-06-2025,1.357
05-06-2025,1.3584
06-06-2025,1.3532
09-06-2025,1.3563
10-06-2025,1.3508
11-06-2025,1.3556
12-06-2025,1.3589
13-06-2025,1.3594
16-06-2025,1.36
17-06-2025,1.3516
18-06-2025,1.3471
20-06-2025,1.3465
