Date,DEXUSEU
22-06-2015,1.1378
23-06-2015,1.119
24-06-2015,1.1178
25-06-2015,1.1196
26-06-2015,1.1156
29-06-2015,1.118
30-06-2015,1.1154
01-07-2015,1.1084
02-07-2015,1.109
06-07-2015,1.1076
07-07-2015,1.0952
08-07-2015,1.1072
09-07-2015,1.1025
10-07-2015,1.115
13-07-2015,1.102
14-07-2015,1.1015
15-07-2015,1.0965
16-07-2015,1.0898
17-07-2015,1.0848
20-07-2015,1.085
21-07-2015,1.0927
22-07-2015,1.0884
23-07-2015,1.0976
24-07-2015,1.0976
27-07-2015,1.1112
28-07-2015,1.1055
29-07-2015,1.1026
30-07-2015,1.0914
31-07-2015,1.1028
03-08-2015,1.0962
04-08-2015,1.0953
05-08-2015,1.0868
06-08-2015,1.0922
07-08-2015,1.0958
10-08-2015,1.0994
11-08-2015,1.1042
12-08-2015,1.1198
13-08-2015,1.1144
14-08-2015,1.111
17-08-2015,1.1078
18-08-2015,1.1028
19-08-2015,1.1061
20-08-2015,1.12
21-08-2015,1.1356
24-08-2015,1.158
25-08-2015,1.141
26-08-2015,1.139
27-08-2015,1.1239
28-08-2015,1.1172
31-08-2015,1.1194
01-09-2015,1.1263
02-09-2015,1.1242
03-09-2015,1.1104
04-09-2015,1.1117
08-09-2015,1.1182
09-09-2015,1.1165
10-09-2015,1.1262
11-09-2015,1.1338
14-09-2015,1.1307
15-09-2015,1.126
16-09-2015,1.1304
17-09-2015,1.1312
18-09-2015,1.1358
21-09-2015,1.1204
22-09-2015,1.1133
23-09-2015,1.116
24-09-2015,1.1252
25-09-2015,1.1192
28-09-2015,1.1236
29-09-2015,1.1246
30-09-2015,1.1162
01-10-2015,1.12
02-10-2015,1.1276
05-10-2015,1.12
06-10-2015,1.1266
07-10-2015,1.1249
08-10-2015,1.1282
09-10-2015,1.1363
13-10-2015,1.1382
14-10-2015,1.1437
15-10-2015,1.1418
16-10-2015,1.136
19-10-2015,1.132
20-10-2015,1.1359
21-10-2015,1.1345
22-10-2015,1.114
23-10-2015,1.1016
26-10-2015,1.1051
27-10-2015,1.1052
28-10-2015,1.1066
29-10-2015,1.0963
30-10-2015,1.1042
02-11-2015,1.1026
03-11-2015,1.0946
04-11-2015,1.0861
05-11-2015,1.0869
06-11-2015,1.0746
09-11-2015,1.0767
10-11-2015,1.0686
12-11-2015,1.0768
13-11-2015,1.0722
16-11-2015,1.0708
17-11-2015,1.0634
18-11-2015,1.0638
19-11-2015,1.0746
20-11-2015,1.066
23-11-2015,1.0602
24-11-2015,1.0652
25-11-2015,1.0616
27-11-2015,1.0596
30-11-2015,1.0562
01-12-2015,1.062
02-12-2015,1.0573
03-12-2015,1.0902
04-12-2015,1.0884
07-12-2015,1.084
08-12-2015,1.0876
09-12-2015,1.0984
10-12-2015,1.0948
11-12-2015,1.1002
14-12-2015,1.1025
15-12-2015,1.0911
16-12-2015,1.0937
17-12-2015,1.0804
18-12-2015,1.0847
21-12-2015,1.092
22-12-2015,1.0978
23-12-2015,1.0875
24-12-2015,1.0955
28-12-2015,1.0983
29-12-2015,1.0916
30-12-2015,1.0912
31-12-2015,1.0859
04-01-2016,1.0803
05-01-2016,1.0743
06-01-2016,1.0762
07-01-2016,1.086
08-01-2016,1.0885
11-01-2016,1.0878
12-01-2016,1.0837
13-01-2016,1.0862
14-01-2016,1.0862
15-01-2016,1.0964
19-01-2016,1.0906
20-01-2016,1.0908
21-01-2016,1.0833
22-01-2016,1.0814
25-01-2016,1.0832
26-01-2016,1.0846
27-01-2016,1.0867
28-01-2016,1.0952
29-01-2016,1.0832
01-02-2016,1.0888
02-02-2016,1.0908
03-02-2016,1.1051
04-02-2016,1.1199
05-02-2016,1.1131
08-02-2016,1.117
09-02-2016,1.13
10-02-2016,1.1222
11-02-2016,1.1362
12-02-2016,1.1235
16-02-2016,1.114
17-02-2016,1.114
18-02-2016,1.1092
19-02-2016,1.1127
22-02-2016,1.1018
23-02-2016,1.1016
24-02-2016,1.1021
25-02-2016,1.1026
26-02-2016,1.0932
29-02-2016,1.0868
01-03-2016,1.0847
02-03-2016,1.0845
03-03-2016,1.0948
04-03-2016,1.101
07-03-2016,1.1004
08-03-2016,1.1028
09-03-2016,1.1022
10-03-2016,1.1162
11-03-2016,1.118
14-03-2016,1.1107
15-03-2016,1.1112
16-03-2016,1.1075
17-03-2016,1.1316
18-03-2016,1.1292
21-03-2016,1.126
22-03-2016,1.1228
23-03-2016,1.1174
24-03-2016,1.1163
25-03-2016,1.1164
28-03-2016,1.121
29-03-2016,1.1204
30-03-2016,1.133
31-03-2016,1.139
01-04-2016,1.1385
04-04-2016,1.1386
05-04-2016,1.1374
06-04-2016,1.143
07-04-2016,1.1386
08-04-2016,1.1406
11-04-2016,1.1412
12-04-2016,1.1395
13-04-2016,1.1281
14-04-2016,1.1262
15-04-2016,1.1295
18-04-2016,1.1322
19-04-2016,1.1375
20-04-2016,1.133
21-04-2016,1.1301
22-04-2016,1.1239
25-04-2016,1.1274
26-04-2016,1.1318
27-04-2016,1.1322
28-04-2016,1.1325
29-04-2016,1.1441
02-05-2016,1.1516
03-05-2016,1.1508
04-05-2016,1.1486
05-05-2016,1.1404
06-05-2016,1.1421
09-05-2016,1.1402
10-05-2016,1.1386
11-05-2016,1.1444
12-05-2016,1.138
13-05-2016,1.1294
16-05-2016,1.1328
17-05-2016,1.1337
18-05-2016,1.1276
19-05-2016,1.1214
20-05-2016,1.1207
23-05-2016,1.1192
24-05-2016,1.1145
25-05-2016,1.1154
26-05-2016,1.1184
27-05-2016,1.114
31-05-2016,1.1135
01-06-2016,1.1165
02-06-2016,1.1157
03-06-2016,1.133
06-06-2016,1.1354
07-06-2016,1.135
08-06-2016,1.14
09-06-2016,1.1329
10-06-2016,1.1281
13-06-2016,1.1282
14-06-2016,1.1206
15-06-2016,1.1239
16-06-2016,1.1158
17-06-2016,1.1256
20-06-2016,1.1318
21-06-2016,1.1262
22-06-2016,1.1286
23-06-2016,1.1373
24-06-2016,1.1126
27-06-2016,1.1024
28-06-2016,1.1054
29-06-2016,1.1117
30-06-2016,1.1032
01-07-2016,1.1145
05-07-2016,1.108
06-07-2016,1.1077
07-07-2016,1.1065
08-07-2016,1.1038
11-07-2016,1.1045
12-07-2016,1.1074
13-07-2016,1.1112
14-07-2016,1.1109
15-07-2016,1.1059
18-07-2016,1.1076
19-07-2016,1.1014
20-07-2016,1.1007
21-07-2016,1.1016
22-07-2016,1.0968
25-07-2016,1.098
26-07-2016,1.0984
27-07-2016,1.0988
28-07-2016,1.1094
29-07-2016,1.1168
01-08-2016,1.1176
02-08-2016,1.1225
03-08-2016,1.117
04-08-2016,1.1134
05-08-2016,1.108
08-08-2016,1.1078
09-08-2016,1.111
10-08-2016,1.1171
11-08-2016,1.1168
12-08-2016,1.1172
15-08-2016,1.1199
16-08-2016,1.1277
17-08-2016,1.1263
18-08-2016,1.1334
19-08-2016,1.1326
22-08-2016,1.1314
23-08-2016,1.1308
24-08-2016,1.1256
25-08-2016,1.1274
26-08-2016,1.1237
29-08-2016,1.1182
30-08-2016,1.115
31-08-2016,1.1146
01-09-2016,1.1194
02-09-2016,1.1158
06-09-2016,1.1237
07-09-2016,1.1238
08-09-2016,1.1256
09-09-2016,1.1214
12-09-2016,1.123
13-09-2016,1.1242
14-09-2016,1.1271
15-09-2016,1.1246
16-09-2016,1.116
19-09-2016,1.1179
20-09-2016,1.1172
21-09-2016,1.1165
22-09-2016,1.1229
23-09-2016,1.1223
26-09-2016,1.127
27-09-2016,1.1208
28-09-2016,1.12
29-09-2016,1.1244
30-09-2016,1.1238
03-10-2016,1.121
04-10-2016,1.1212
05-10-2016,1.1196
06-10-2016,1.1158
07-10-2016,1.1156
11-10-2016,1.1062
12-10-2016,1.1014
13-10-2016,1.1038
14-10-2016,1.0985
17-10-2016,1.1
18-10-2016,1.0997
19-10-2016,1.0966
20-10-2016,1.0934
21-10-2016,1.0866
24-10-2016,1.0888
25-10-2016,1.089
26-10-2016,1.0916
27-10-2016,1.0904
28-10-2016,1.0934
31-10-2016,1.0962
01-11-2016,1.1042
02-11-2016,1.1119
03-11-2016,1.1094
04-11-2016,1.1121
07-11-2016,1.1038
08-11-2016,1.1034
09-11-2016,1.0952
10-11-2016,1.0882
14-11-2016,1.0723
15-11-2016,1.0726
16-11-2016,1.0699
17-11-2016,1.0656
18-11-2016,1.06
21-11-2016,1.0597
22-11-2016,1.0618
23-11-2016,1.056
25-11-2016,1.0595
28-11-2016,1.0576
29-11-2016,1.0626
30-11-2016,1.0578
01-12-2016,1.0634
02-12-2016,1.0666
05-12-2016,1.0723
06-12-2016,1.0717
07-12-2016,1.0758
08-12-2016,1.0625
09-12-2016,1.0541
12-12-2016,1.0606
13-12-2016,1.0635
14-12-2016,1.0656
15-12-2016,1.0375
16-12-2016,1.0456
19-12-2016,1.0444
20-12-2016,1.039
21-12-2016,1.0425
22-12-2016,1.0452
23-12-2016,1.0449
27-12-2016,1.0458
28-12-2016,1.0389
29-12-2016,1.0486
30-12-2016,1.0552
03-01-2017,1.0416
04-01-2017,1.0476
05-01-2017,1.0598
06-01-2017,1.056
09-01-2017,1.0576
10-01-2017,1.0572
11-01-2017,1.0501
12-01-2017,1.0666
13-01-2017,1.0625
17-01-2017,1.0695
18-01-2017,1.0682
19-01-2017,1.063
23-01-2017,1.074
24-01-2017,1.0749
25-01-2017,1.0743
26-01-2017,1.067
27-01-2017,1.069
30-01-2017,1.0681
31-01-2017,1.0794
01-02-2017,1.0758
02-02-2017,1.0802
03-02-2017,1.0792
06-02-2017,1.0731
07-02-2017,1.069
08-02-2017,1.0708
09-02-2017,1.0658
10-02-2017,1.065
13-02-2017,1.0603
14-02-2017,1.0577
15-02-2017,1.0597
16-02-2017,1.066
17-02-2017,1.0614
21-02-2017,1.0551
22-02-2017,1.0555
23-02-2017,1.0586
24-02-2017,1.058
27-02-2017,1.0624
28-02-2017,1.0618
01-03-2017,1.0564
02-03-2017,1.0514
03-03-2017,1.0552
06-03-2017,1.0586
07-03-2017,1.0582
08-03-2017,1.0547
09-03-2017,1.0586
10-03-2017,1.0667
13-03-2017,1.067
14-03-2017,1.0645
15-03-2017,1.063
16-03-2017,1.0738
17-03-2017,1.0742
20-03-2017,1.0754
21-03-2017,1.081
22-03-2017,1.08
23-03-2017,1.0787
24-03-2017,1.0806
27-03-2017,1.0882
28-03-2017,1.0852
29-03-2017,1.0756
30-03-2017,1.0726
31-03-2017,1.0698
03-04-2017,1.0655
04-04-2017,1.0664
05-04-2017,1.0661
06-04-2017,1.0651
07-04-2017,1.0616
10-04-2017,1.0606
11-04-2017,1.0614
12-04-2017,1.0611
13-04-2017,1.063
14-04-2017,1.0625
17-04-2017,1.066
18-04-2017,1.0706
19-04-2017,1.0707
20-04-2017,1.0758
21-04-2017,1.0694
24-04-2017,1.0846
25-04-2017,1.0941
26-04-2017,1.0872
27-04-2017,1.0864
28-04-2017,1.0895
01-05-2017,1.0912
02-05-2017,1.091
03-05-2017,1.092
04-05-2017,1.0967
05-05-2017,1.0996
08-05-2017,1.0928
09-05-2017,1.0875
10-05-2017,1.0873
11-05-2017,1.0869
12-05-2017,1.0926
15-05-2017,1.0979
16-05-2017,1.1072
17-05-2017,1.1134
18-05-2017,1.113
19-05-2017,1.119
22-05-2017,1.1236
23-05-2017,1.1198
24-05-2017,1.1175
25-05-2017,1.1218
26-05-2017,1.117
30-05-2017,1.1183
31-05-2017,1.1236
01-06-2017,1.1214
02-06-2017,1.127
05-06-2017,1.125
06-06-2017,1.1266
07-06-2017,1.1236
08-06-2017,1.1217
09-06-2017,1.119
12-06-2017,1.1204
13-06-2017,1.1194
14-06-2017,1.1277
15-06-2017,1.1152
16-06-2017,1.1194
19-06-2017,1.116
20-06-2017,1.1124
21-06-2017,1.1143
22-06-2017,1.1148
23-06-2017,1.1196
26-06-2017,1.1196
27-06-2017,1.13
28-06-2017,1.1364
29-06-2017,1.142
30-06-2017,1.1411
03-07-2017,1.1367
05-07-2017,1.1336
06-07-2017,1.1409
07-07-2017,1.1396
10-07-2017,1.1396
11-07-2017,1.143
12-07-2017,1.1411
13-07-2017,1.1385
14-07-2017,1.1452
17-07-2017,1.147
18-07-2017,1.1578
19-07-2017,1.1518
20-07-2017,1.1634
21-07-2017,1.1655
24-07-2017,1.1642
25-07-2017,1.1656
26-07-2017,1.1632
27-07-2017,1.1656
28-07-2017,1.1754
31-07-2017,1.1826
01-08-2017,1.1799
02-08-2017,1.1861
03-08-2017,1.188
04-08-2017,1.1754
07-08-2017,1.1788
08-08-2017,1.1724
09-08-2017,1.1748
10-08-2017,1.1751
11-08-2017,1.1811
14-08-2017,1.1786
15-08-2017,1.1736
16-08-2017,1.1703
17-08-2017,1.1736
18-08-2017,1.1748
21-08-2017,1.1814
22-08-2017,1.1762
23-08-2017,1.1802
24-08-2017,1.1801
25-08-2017,1.1874
28-08-2017,1.1973
29-08-2017,1.2025
30-08-2017,1.1927
31-08-2017,1.1894
01-09-2017,1.1878
05-09-2017,1.1911
06-09-2017,1.1943
07-09-2017,1.2028
08-09-2017,1.2041
11-09-2017,1.1964
12-09-2017,1.1968
13-09-2017,1.1898
14-09-2017,1.1886
15-09-2017,1.1959
18-09-2017,1.1938
19-09-2017,1.198
20-09-2017,1.1998
21-09-2017,1.1946
22-09-2017,1.1969
25-09-2017,1.1852
26-09-2017,1.1772
27-09-2017,1.1747
28-09-2017,1.1776
29-09-2017,1.1813
02-10-2017,1.1745
03-10-2017,1.1759
04-10-2017,1.176
05-10-2017,1.1706
06-10-2017,1.1732
10-10-2017,1.1804
11-10-2017,1.1847
12-10-2017,1.184
13-10-2017,1.1837
16-10-2017,1.181
17-10-2017,1.1754
18-10-2017,1.1775
19-10-2017,1.1842
20-10-2017,1.177
23-10-2017,1.1762
24-10-2017,1.1766
25-10-2017,1.1802
26-10-2017,1.17
27-10-2017,1.158
30-10-2017,1.1626
31-10-2017,1.1648
01-11-2017,1.1618
02-11-2017,1.1672
03-11-2017,1.1616
06-11-2017,1.16
07-11-2017,1.1577
08-11-2017,1.1591
09-11-2017,1.1648
13-11-2017,1.1656
14-11-2017,1.1764
15-11-2017,1.1794
16-11-2017,1.1772
17-11-2017,1.1799
20-11-2017,1.1741
21-11-2017,1.1741
22-11-2017,1.1789
24-11-2017,1.1936
27-11-2017,1.1911
28-11-2017,1.1878
29-11-2017,1.1858
30-11-2017,1.1898
01-12-2017,1.191
04-12-2017,1.1848
05-12-2017,1.182
06-12-2017,1.1788
07-12-2017,1.179
08-12-2017,1.1761
11-12-2017,1.1802
12-12-2017,1.1725
13-12-2017,1.1762
14-12-2017,1.1778
15-12-2017,1.1778
18-12-2017,1.1804
19-12-2017,1.1822
20-12-2017,1.1881
21-12-2017,1.1872
22-12-2017,1.1839
26-12-2017,1.1867
27-12-2017,1.1902
28-12-2017,1.1952
29-12-2017,1.2022
02-01-2018,1.205
03-01-2018,1.203
04-01-2018,1.2064
05-01-2018,1.2039
08-01-2018,1.1973
09-01-2018,1.1922
10-01-2018,1.1958
11-01-2018,1.2035
12-01-2018,1.213
16-01-2018,1.2244
17-01-2018,1.2229
18-01-2018,1.2238
19-01-2018,1.2238
22-01-2018,1.223
23-01-2018,1.2277
24-01-2018,1.239
25-01-2018,1.2488
26-01-2018,1.2422
29-01-2018,1.2352
30-01-2018,1.239
31-01-2018,1.2428
01-02-2018,1.2482
02-02-2018,1.2446
05-02-2018,1.2418
06-02-2018,1.2381
07-02-2018,1.2281
08-02-2018,1.2238
09-02-2018,1.2226
12-02-2018,1.2267
13-02-2018,1.2363
14-02-2018,1.2396
15-02-2018,1.2482
16-02-2018,1.2442
20-02-2018,1.2348
21-02-2018,1.2314
22-02-2018,1.2326
23-02-2018,1.2298
26-02-2018,1.2296
27-02-2018,1.2239
28-02-2018,1.2211
01-03-2018,1.2216
02-03-2018,1.2314
05-03-2018,1.233
06-03-2018,1.2415
07-03-2018,1.2397
08-03-2018,1.2314
09-03-2018,1.2326
12-03-2018,1.2318
13-03-2018,1.2398
14-03-2018,1.2362
15-03-2018,1.2321
16-03-2018,1.228
19-03-2018,1.2329
20-03-2018,1.2271
21-03-2018,1.2268
22-03-2018,1.231
23-03-2018,1.236
26-03-2018,1.244
27-03-2018,1.241
28-03-2018,1.2351
29-03-2018,1.2297
30-03-2018,1.232
02-04-2018,1.2288
03-04-2018,1.2261
04-04-2018,1.2292
05-04-2018,1.223
06-04-2018,1.2274
09-04-2018,1.232
10-04-2018,1.2338
11-04-2018,1.2384
12-04-2018,1.232
13-04-2018,1.2322
16-04-2018,1.2373
17-04-2018,1.2345
18-04-2018,1.238
19-04-2018,1.2336
20-04-2018,1.2282
23-04-2018,1.2216
24-04-2018,1.2226
25-04-2018,1.2178
26-04-2018,1.2113
27-04-2018,1.2108
30-04-2018,1.2074
01-05-2018,1.2
02-05-2018,1.1968
03-05-2018,1.197
04-05-2018,1.1946
07-05-2018,1.1927
08-05-2018,1.1863
09-05-2018,1.1852
10-05-2018,1.1896
11-05-2018,1.1951
14-05-2018,1.1976
15-05-2018,1.1864
16-05-2018,1.1788
17-05-2018,1.1798
18-05-2018,1.1775
21-05-2018,1.1768
22-05-2018,1.1783
23-05-2018,1.1693
24-05-2018,1.1729
25-05-2018,1.1666
29-05-2018,1.1551
30-05-2018,1.1664
31-05-2018,1.167
01-06-2018,1.1679
04-06-2018,1.1696
05-06-2018,1.1672
06-06-2018,1.1778
07-06-2018,1.1815
08-06-2018,1.1773
11-06-2018,1.1802
12-06-2018,1.1792
13-06-2018,1.1784
14-06-2018,1.1634
15-06-2018,1.1616
18-06-2018,1.1606
19-06-2018,1.1577
20-06-2018,1.1592
21-06-2018,1.16
22-06-2018,1.163
25-06-2018,1.1694
26-06-2018,1.1675
27-06-2018,1.1588
28-06-2018,1.1582
29-06-2018,1.1677
02-07-2018,1.1604
03-07-2018,1.1653
05-07-2018,1.1697
06-07-2018,1.1738
09-07-2018,1.1744
10-07-2018,1.1728
11-07-2018,1.1722
12-07-2018,1.1692
13-07-2018,1.1667
16-07-2018,1.171
17-07-2018,1.1664
18-07-2018,1.1645
19-07-2018,1.1604
20-07-2018,1.1708
23-07-2018,1.1702
24-07-2018,1.1684
25-07-2018,1.1677
26-07-2018,1.1654
27-07-2018,1.166
30-07-2018,1.1718
31-07-2018,1.1706
01-08-2018,1.1666
02-08-2018,1.1612
03-08-2018,1.1597
06-08-2018,1.1564
07-08-2018,1.1597
08-08-2018,1.1598
09-08-2018,1.1566
10-08-2018,1.1399
13-08-2018,1.1396
14-08-2018,1.1351
15-08-2018,1.1332
16-08-2018,1.1388
17-08-2018,1.141
20-08-2018,1.1438
21-08-2018,1.1534
22-08-2018,1.1595
23-08-2018,1.1567
24-08-2018,1.1625
27-08-2018,1.1676
28-08-2018,1.172
29-08-2018,1.1699
30-08-2018,1.1646
31-08-2018,1.1596
04-09-2018,1.1566
05-09-2018,1.162
06-09-2018,1.1624
07-09-2018,1.1572
10-09-2018,1.1604
11-09-2018,1.1591
12-09-2018,1.1626
13-09-2018,1.1672
14-09-2018,1.1656
17-09-2018,1.1687
18-09-2018,1.1693
19-09-2018,1.1685
20-09-2018,1.1744
21-09-2018,1.1739
24-09-2018,1.1773
25-09-2018,1.177
26-09-2018,1.1758
27-09-2018,1.167
28-09-2018,1.1622
01-10-2018,1.1567
02-10-2018,1.156
03-10-2018,1.1525
04-10-2018,1.1508
05-10-2018,1.1502
09-10-2018,1.1482
10-10-2018,1.1541
11-10-2018,1.1565
12-10-2018,1.1559
15-10-2018,1.1594
16-10-2018,1.1593
17-10-2018,1.154
18-10-2018,1.1494
19-10-2018,1.1513
22-10-2018,1.1467
23-10-2018,1.148
24-10-2018,1.1389
25-10-2018,1.1374
26-10-2018,1.1388
29-10-2018,1.139
30-10-2018,1.1364
31-10-2018,1.1332
01-11-2018,1.1396
02-11-2018,1.1378
05-11-2018,1.1394
06-11-2018,1.1412
07-11-2018,1.1459
08-11-2018,1.1416
09-11-2018,1.1325
13-11-2018,1.1288
14-11-2018,1.1312
15-11-2018,1.1324
16-11-2018,1.1402
19-11-2018,1.1448
20-11-2018,1.1391
21-11-2018,1.1393
23-11-2018,1.1332
26-11-2018,1.1336
27-11-2018,1.1281
28-11-2018,1.1286
29-11-2018,1.1382
30-11-2018,1.1323
03-12-2018,1.1356
04-12-2018,1.1345
06-12-2018,1.1374
07-12-2018,1.139
10-12-2018,1.1368
11-12-2018,1.1314
12-12-2018,1.1362
13-12-2018,1.1358
14-12-2018,1.13
17-12-2018,1.1339
18-12-2018,1.1364
19-12-2018,1.1422
20-12-2018,1.1432
21-12-2018,1.1402
26-12-2018,1.1408
27-12-2018,1.1412
28-12-2018,1.1445
31-12-2018,1.1456
02-01-2019,1.1357
03-01-2019,1.1399
04-01-2019,1.141
07-01-2019,1.1468
08-01-2019,1.1444
09-01-2019,1.1524
10-01-2019,1.1517
11-01-2019,1.1479
15-01-2019,1.1392
16-01-2019,1.1408
17-01-2019,1.1386
18-01-2019,1.1362
22-01-2019,1.1359
23-01-2019,1.139
24-01-2019,1.1322
25-01-2019,1.1407
28-01-2019,1.1438
29-01-2019,1.1424
30-01-2019,1.1418
31-01-2019,1.1454
01-02-2019,1.1474
04-02-2019,1.1438
05-02-2019,1.1406
06-02-2019,1.138
07-02-2019,1.1357
08-02-2019,1.1326
11-02-2019,1.1277
12-02-2019,1.1316
13-02-2019,1.1288
14-02-2019,1.1284
15-02-2019,1.1268
19-02-2019,1.1328
21-02-2019,1.1338
22-02-2019,1.1342
25-02-2019,1.1345
26-02-2019,1.1374
27-02-2019,1.137
28-02-2019,1.1379
01-03-2019,1.1376
04-03-2019,1.1328
05-03-2019,1.13
06-03-2019,1.132
07-03-2019,1.1214
08-03-2019,1.1243
11-03-2019,1.1226
12-03-2019,1.1276
13-03-2019,1.131
14-03-2019,1.1304
15-03-2019,1.1326
18-03-2019,1.1337
19-03-2019,1.1346
20-03-2019,1.1352
21-03-2019,1.1361
22-03-2019,1.1282
25-03-2019,1.1324
26-03-2019,1.128
27-03-2019,1.125
28-03-2019,1.1236
29-03-2019,1.1228
01-04-2019,1.121
02-04-2019,1.1186
03-04-2019,1.1242
04-04-2019,1.1216
05-04-2019,1.1217
08-04-2019,1.1262
09-04-2019,1.1278
10-04-2019,1.1266
11-04-2019,1.1262
12-04-2019,1.1304
15-04-2019,1.1304
16-04-2019,1.1293
17-04-2019,1.1297
18-04-2019,1.1241
19-04-2019,1.1246
22-04-2019,1.1258
23-04-2019,1.1213
24-04-2019,1.1192
25-04-2019,1.114
26-04-2019,1.1154
29-04-2019,1.1166
30-04-2019,1.1201
01-05-2019,1.1246
02-05-2019,1.1184
03-05-2019,1.1186
06-05-2019,1.1197
07-05-2019,1.1178
08-05-2019,1.1206
09-05-2019,1.1228
10-05-2019,1.1241
13-05-2019,1.1232
14-05-2019,1.1207
15-05-2019,1.1208
16-05-2019,1.1178
17-05-2019,1.1166
20-05-2019,1.117
21-05-2019,1.1158
22-05-2019,1.1156
23-05-2019,1.1172
24-05-2019,1.1197
28-05-2019,1.1177
29-05-2019,1.1136
30-05-2019,1.114
31-05-2019,1.1149
03-06-2019,1.1206
04-06-2019,1.1236
05-06-2019,1.1242
06-06-2019,1.1294
07-06-2019,1.1324
10-06-2019,1.1311
11-06-2019,1.1316
12-06-2019,1.131
13-06-2019,1.1275
14-06-2019,1.1217
17-06-2019,1.1235
18-06-2019,1.1196
19-06-2019,1.1214
20-06-2019,1.1284
21-06-2019,1.1328
24-06-2019,1.1393
25-06-2019,1.1386
26-06-2019,1.139
27-06-2019,1.1372
28-06-2019,1.1374
01-07-2019,1.1307
02-07-2019,1.1301
03-07-2019,1.1275
05-07-2019,1.1216
08-07-2019,1.1208
09-07-2019,1.121
10-07-2019,1.126
11-07-2019,1.1261
12-07-2019,1.1254
15-07-2019,1.126
16-07-2019,1.1212
17-07-2019,1.1232
18-07-2019,1.1228
19-07-2019,1.122
22-07-2019,1.1214
23-07-2019,1.1156
24-07-2019,1.1141
25-07-2019,1.1156
26-07-2019,1.1121
29-07-2019,1.1142
30-07-2019,1.1148
31-07-2019,1.113
01-08-2019,1.1062
02-08-2019,1.1112
05-08-2019,1.1197
06-08-2019,1.1196
07-08-2019,1.1236
08-08-2019,1.121
09-08-2019,1.1222
12-08-2019,1.1212
13-08-2019,1.1182
14-08-2019,1.1144
15-08-2019,1.1106
16-08-2019,1.1091
19-08-2019,1.1096
20-08-2019,1.1092
21-08-2019,1.1098
22-08-2019,1.1089
23-08-2019,1.1148
26-08-2019,1.1112
27-08-2019,1.1094
28-08-2019,1.1084
29-08-2019,1.1059
30-08-2019,1.0989
03-09-2019,1.0968
04-09-2019,1.1025
05-09-2019,1.1038
06-09-2019,1.1042
09-09-2019,1.1056
10-09-2019,1.1042
11-09-2019,1.1001
12-09-2019,1.1074
13-09-2019,1.1074
16-09-2019,1.1006
17-09-2019,1.1063
18-09-2019,1.1061
19-09-2019,1.1046
20-09-2019,1.1004
23-09-2019,1.0991
24-09-2019,1.0999
25-09-2019,1.0949
26-09-2019,1.0938
27-09-2019,1.0942
30-09-2019,1.0905
01-10-2019,1.0932
02-10-2019,1.0951
03-10-2019,1.0991
04-10-2019,1.0974
07-10-2019,1.0984
08-10-2019,1.0949
09-10-2019,1.0978
10-10-2019,1.1018
11-10-2019,1.1039
15-10-2019,1.1036
16-10-2019,1.1075
17-10-2019,1.1129
18-10-2019,1.1155
21-10-2019,1.1145
22-10-2019,1.1138
23-10-2019,1.1118
24-10-2019,1.1098
25-10-2019,1.1081
28-10-2019,1.1094
29-10-2019,1.1117
30-10-2019,1.1123
31-10-2019,1.1155
01-11-2019,1.1169
04-11-2019,1.1144
05-11-2019,1.107
06-11-2019,1.1076
07-11-2019,1.1045
08-11-2019,1.1019
12-11-2019,1.1017
13-11-2019,1.1004
14-11-2019,1.1016
15-11-2019,1.1046
18-11-2019,1.1079
19-11-2019,1.1075
20-11-2019,1.1063
21-11-2019,1.1067
22-11-2019,1.1029
25-11-2019,1.1009
26-11-2019,1.1012
27-11-2019,1.1002
29-11-2019,1.1019
02-12-2019,1.1075
03-12-2019,1.1089
04-12-2019,1.1076
05-12-2019,1.1104
06-12-2019,1.1052
09-12-2019,1.1067
10-12-2019,1.109
11-12-2019,1.1092
12-12-2019,1.1115
13-12-2019,1.1128
16-12-2019,1.1139
17-12-2019,1.1148
18-12-2019,1.1113
19-12-2019,1.1128
20-12-2019,1.1076
23-12-2019,1.1091
24-12-2019,1.1084
26-12-2019,1.1102
27-12-2019,1.1174
30-12-2019,1.1217
31-12-2019,1.1227
02-01-2020,1.1166
03-01-2020,1.1173
06-01-2020,1.1187
07-01-2020,1.1138
08-01-2020,1.1117
09-01-2020,1.1106
10-01-2020,1.1119
13-01-2020,1.1138
14-01-2020,1.113
15-01-2020,1.116
16-01-2020,1.1131
17-01-2020,1.1093
21-01-2020,1.1096
22-01-2020,1.1085
23-01-2020,1.1041
24-01-2020,1.1026
27-01-2020,1.1019
28-01-2020,1.1008
29-01-2020,1.1004
30-01-2020,1.1032
31-01-2020,1.1082
03-02-2020,1.1062
04-02-2020,1.1043
05-02-2020,1.1006
06-02-2020,1.0979
07-02-2020,1.095
10-02-2020,1.0916
11-02-2020,1.0917
12-02-2020,1.0893
13-02-2020,1.0848
14-02-2020,1.0839
18-02-2020,1.0815
19-02-2020,1.0794
20-02-2020,1.0797
21-02-2020,1.0855
24-02-2020,1.0857
25-02-2020,1.0868
26-02-2020,1.0887
27-02-2020,1.0977
28-02-2020,1.1001
02-03-2020,1.1164
03-03-2020,1.1175
04-03-2020,1.113
05-03-2020,1.1202
06-03-2020,1.1319
09-03-2020,1.142
10-03-2020,1.1342
11-03-2020,1.128
12-03-2020,1.1081
13-03-2020,1.1066
16-03-2020,1.1139
17-03-2020,1.0971
18-03-2020,1.0833
19-03-2020,1.0699
20-03-2020,1.0682
23-03-2020,1.076
24-03-2020,1.0794
25-03-2020,1.0835
26-03-2020,1.1025
27-03-2020,1.1059
30-03-2020,1.1018
31-03-2020,1.1016
01-04-2020,1.0934
02-04-2020,1.0862
03-04-2020,1.0797
06-04-2020,1.0808
07-04-2020,1.0886
08-04-2020,1.0864
09-04-2020,1.0931
10-04-2020,1.0951
13-04-2020,1.0906
14-04-2020,1.0971
15-04-2020,1.0909
16-04-2020,1.084
17-04-2020,1.0883
20-04-2020,1.0874
21-04-2020,1.0854
22-04-2020,1.0829
23-04-2020,1.0815
24-04-2020,1.0798
27-04-2020,1.0829
28-04-2020,1.0836
29-04-2020,1.0853
30-04-2020,1.0934
01-05-2020,1.0998
04-05-2020,1.0911
05-05-2020,1.0844
06-05-2020,1.0806
07-05-2020,1.0815
08-05-2020,1.0854
11-05-2020,1.0818
12-05-2020,1.0864
13-05-2020,1.0837
14-05-2020,1.08
15-05-2020,1.0816
18-05-2020,1.0904
19-05-2020,1.0937
20-05-2020,1.098
21-05-2020,1.0953
22-05-2020,1.0894
26-05-2020,1.097
27-05-2020,1.0969
28-05-2020,1.1069
29-05-2020,1.1107
01-06-2020,1.1123
02-06-2020,1.1166
03-06-2020,1.1246
04-06-2020,1.1322
05-06-2020,1.1297
08-06-2020,1.1293
09-06-2020,1.1348
10-06-2020,1.1355
11-06-2020,1.1378
12-06-2020,1.1253
15-06-2020,1.127
16-06-2020,1.1259
17-06-2020,1.1219
18-06-2020,1.1216
19-06-2020,1.1189
22-06-2020,1.126
23-06-2020,1.1322
24-06-2020,1.1272
25-06-2020,1.1221
26-06-2020,1.1215
29-06-2020,1.1237
30-06-2020,1.1237
01-07-2020,1.1259
02-07-2020,1.1237
06-07-2020,1.1307
07-07-2020,1.1299
08-07-2020,1.1329
09-07-2020,1.1298
10-07-2020,1.1318
13-07-2020,1.1364
14-07-2020,1.1406
15-07-2020,1.1406
16-07-2020,1.1433
17-07-2020,1.1438
20-07-2020,1.1442
21-07-2020,1.1495
22-07-2020,1.1587
23-07-2020,1.1623
24-07-2020,1.1635
27-07-2020,1.175
28-07-2020,1.1733
29-07-2020,1.177
30-07-2020,1.1791
31-07-2020,1.1822
03-08-2020,1.175
04-08-2020,1.1766
05-08-2020,1.1898
06-08-2020,1.1856
07-08-2020,1.1776
10-08-2020,1.1756
11-08-2020,1.1764
12-08-2020,1.1796
13-08-2020,1.1818
14-08-2020,1.1833
17-08-2020,1.1869
18-08-2020,1.1928
19-08-2020,1.1898
20-08-2020,1.1862
21-08-2020,1.1775
24-08-2020,1.1803
25-08-2020,1.1818
26-08-2020,1.1813
27-08-2020,1.1824
28-08-2020,1.1901
31-08-2020,1.195
01-09-2020,1.1949
02-09-2020,1.184
03-09-2020,1.1832
04-09-2020,1.182
08-09-2020,1.1789
09-09-2020,1.181
10-09-2020,1.188
11-09-2020,1.1831
14-09-2020,1.1874
15-09-2020,1.1846
16-09-2020,1.1835
17-09-2020,1.1823
18-09-2020,1.1857
21-09-2020,1.1737
22-09-2020,1.1703
23-09-2020,1.1677
24-09-2020,1.1666
25-09-2020,1.1618
28-09-2020,1.166
29-09-2020,1.1717
30-09-2020,1.1723
01-10-2020,1.1752
02-10-2020,1.1706
05-10-2020,1.1784
06-10-2020,1.1778
07-10-2020,1.1766
08-10-2020,1.1753
09-10-2020,1.1819
13-10-2020,1.1737
14-10-2020,1.1755
15-10-2020,1.1701
16-10-2020,1.1717
19-10-2020,1.1788
20-10-2020,1.1824
21-10-2020,1.187
22-10-2020,1.1824
23-10-2020,1.1844
26-10-2020,1.1816
27-10-2020,1.1834
28-10-2020,1.1751
29-10-2020,1.1658
30-10-2020,1.1647
02-11-2020,1.1634
03-11-2020,1.1724
04-11-2020,1.173
05-11-2020,1.1809
06-11-2020,1.1886
09-11-2020,1.1811
10-11-2020,1.181
12-11-2020,1.1814
13-11-2020,1.1824
16-11-2020,1.1844
17-11-2020,1.1862
18-11-2020,1.1869
19-11-2020,1.1843
20-11-2020,1.1857
23-11-2020,1.1826
24-11-2020,1.1874
25-11-2020,1.1908
30-11-2020,1.1948
01-12-2020,1.2039
02-12-2020,1.2093
03-12-2020,1.2152
04-12-2020,1.2142
07-12-2020,1.2138
08-12-2020,1.2111
09-12-2020,1.208
10-12-2020,1.2118
11-12-2020,1.2112
14-12-2020,1.2145
15-12-2020,1.2158
16-12-2020,1.2175
17-12-2020,1.2258
18-12-2020,1.2236
21-12-2020,1.223
22-12-2020,1.2172
23-12-2020,1.2194
28-12-2020,1.2213
29-12-2020,1.2252
30-12-2020,1.228
31-12-2020,1.223
04-01-2021,1.2254
05-01-2021,1.2295
06-01-2021,1.229
07-01-2021,1.2265
08-01-2021,1.2252
11-01-2021,1.2169
12-01-2021,1.2168
13-01-2021,1.2159
14-01-2021,1.2156
15-01-2021,1.2099
19-01-2021,1.2126
21-01-2021,1.2143
22-01-2021,1.2179
25-01-2021,1.2138
26-01-2021,1.2147
27-01-2021,1.2101
28-01-2021,1.2122
29-01-2021,1.2135
01-02-2021,1.207
02-02-2021,1.202
03-02-2021,1.2025
04-02-2021,1.1974
05-02-2021,1.2035
08-02-2021,1.2045
09-02-2021,1.2106
10-02-2021,1.2132
11-02-2021,1.2127
12-02-2021,1.2126
16-02-2021,1.2107
17-02-2021,1.2042
18-02-2021,1.2078
19-02-2021,1.2136
22-02-2021,1.2155
23-02-2021,1.2142
24-02-2021,1.2143
25-02-2021,1.2229
26-02-2021,1.2093
01-03-2021,1.2054
02-03-2021,1.2079
03-03-2021,1.2073
04-03-2021,1.2045
05-03-2021,1.1914
08-03-2021,1.1849
09-03-2021,1.1885
10-03-2021,1.19
11-03-2021,1.1978
12-03-2021,1.1952
15-03-2021,1.1917
16-03-2021,1.1895
17-03-2021,1.1905
18-03-2021,1.1926
19-03-2021,1.1909
22-03-2021,1.1932
23-03-2021,1.1872
24-03-2021,1.1831
25-03-2021,1.1777
26-03-2021,1.1798
29-03-2021,1.1779
30-03-2021,1.1724
31-03-2021,1.1743
01-04-2021,1.1772
02-04-2021,1.1763
05-04-2021,1.181
06-04-2021,1.1852
07-04-2021,1.189
08-04-2021,1.1904
09-04-2021,1.1897
12-04-2021,1.1907
13-04-2021,1.1939
14-04-2021,1.1974
15-04-2021,1.1964
16-04-2021,1.198
19-04-2021,1.2028
20-04-2021,1.2045
21-04-2021,1.2033
22-04-2021,1.2012
23-04-2021,1.2069
26-04-2021,1.2083
27-04-2021,1.2079
28-04-2021,1.2098
29-04-2021,1.211
30-04-2021,1.203
03-05-2021,1.2059
04-05-2021,1.2014
05-05-2021,1.2003
06-05-2021,1.2049
07-05-2021,1.2165
10-05-2021,1.217
11-05-2021,1.2169
12-05-2021,1.2074
13-05-2021,1.207
14-05-2021,1.2141
17-05-2021,1.2155
18-05-2021,1.2203
19-05-2021,1.2216
20-05-2021,1.2225
21-05-2021,1.2178
24-05-2021,1.221
25-05-2021,1.2233
26-05-2021,1.2204
27-05-2021,1.2194
28-05-2021,1.2194
01-06-2021,1.2241
02-06-2021,1.2213
03-06-2021,1.2122
04-06-2021,1.2173
07-06-2021,1.22
08-06-2021,1.218
09-06-2021,1.2184
10-06-2021,1.2173
11-06-2021,1.2101
14-06-2021,1.2126
15-06-2021,1.212
16-06-2021,1.2119
17-06-2021,1.1911
18-06-2021,1.1872
21-06-2021,1.1909
22-06-2021,1.191
23-06-2021,1.195
24-06-2021,1.1927
25-06-2021,1.194
28-06-2021,1.1938
29-06-2021,1.1905
30-06-2021,1.1848
01-07-2021,1.1857
02-07-2021,1.1848
06-07-2021,1.1816
07-07-2021,1.1803
08-07-2021,1.184
09-07-2021,1.1861
12-07-2021,1.1858
13-07-2021,1.1813
14-07-2021,1.1826
15-07-2021,1.1806
16-07-2021,1.181
19-07-2021,1.1804
20-07-2021,1.1776
21-07-2021,1.1799
22-07-2021,1.1771
23-07-2021,1.1761
26-07-2021,1.181
27-07-2021,1.1831
28-07-2021,1.1809
29-07-2021,1.1886
30-07-2021,1.1864
02-08-2021,1.1873
03-08-2021,1.1859
04-08-2021,1.1841
05-08-2021,1.1838
06-08-2021,1.1761
09-08-2021,1.1749
10-08-2021,1.1722
11-08-2021,1.1737
12-08-2021,1.1736
13-08-2021,1.1796
16-08-2021,1.1776
17-08-2021,1.1714
18-08-2021,1.1702
19-08-2021,1.1693
20-08-2021,1.169
23-08-2021,1.1732
24-08-2021,1.1746
25-08-2021,1.1758
26-08-2021,1.1761
27-08-2021,1.1794
30-08-2021,1.1795
31-08-2021,1.18
01-09-2021,1.185
02-09-2021,1.1858
03-09-2021,1.1884
07-09-2021,1.1849
08-09-2021,1.1818
09-09-2021,1.1827
10-09-2021,1.1821
13-09-2021,1.1809
14-09-2021,1.1824
15-09-2021,1.1811
16-09-2021,1.1764
17-09-2021,1.1734
20-09-2021,1.1729
21-09-2021,1.1724
22-09-2021,1.1739
23-09-2021,1.1735
24-09-2021,1.1715
27-09-2021,1.1702
28-09-2021,1.1681
29-09-2021,1.1612
30-09-2021,1.1577
01-10-2021,1.1598
04-10-2021,1.1622
05-10-2021,1.1609
06-10-2021,1.1546
07-10-2021,1.1561
08-10-2021,1.1572
12-10-2021,1.1541
13-10-2021,1.1568
14-10-2021,1.1591
15-10-2021,1.1594
18-10-2021,1.1609
19-10-2021,1.1632
20-10-2021,1.1643
21-10-2021,1.1643
22-10-2021,1.1632
25-10-2021,1.1609
26-10-2021,1.159
27-10-2021,1.16
28-10-2021,1.1685
29-10-2021,1.1552
01-11-2021,1.1591
02-11-2021,1.1581
03-11-2021,1.1584
04-11-2021,1.1546
05-11-2021,1.1554
08-11-2021,1.159
09-11-2021,1.1589
10-11-2021,1.1517
12-11-2021,1.1443
15-11-2021,1.1421
16-11-2021,1.1333
17-11-2021,1.1322
18-11-2021,1.1358
19-11-2021,1.1318
22-11-2021,1.126
23-11-2021,1.1265
24-11-2021,1.1196
26-11-2021,1.1302
29-11-2021,1.1261
30-11-2021,1.1287
01-12-2021,1.1323
02-12-2021,1.1306
03-12-2021,1.1308
06-12-2021,1.1282
07-12-2021,1.1247
08-12-2021,1.133
09-12-2021,1.1285
10-12-2021,1.1312
13-12-2021,1.1298
14-12-2021,1.1267
15-12-2021,1.1261
16-12-2021,1.1309
17-12-2021,1.1277
20-12-2021,1.1298
21-12-2021,1.1272
22-12-2021,1.1324
23-12-2021,1.132
27-12-2021,1.1329
28-12-2021,1.1314
29-12-2021,1.1337
30-12-2021,1.1318
03-01-2022,1.129
04-01-2022,1.1296
05-01-2022,1.1335
06-01-2022,1.1307
07-01-2022,1.1358
10-01-2022,1.1328
11-01-2022,1.1363
12-01-2022,1.1431
13-01-2022,1.1464
14-01-2022,1.1414
18-01-2022,1.1336
19-01-2022,1.1346
20-01-2022,1.1336
21-01-2022,1.1346
24-01-2022,1.131
25-01-2022,1.1283
26-01-2022,1.1279
27-01-2022,1.1141
28-01-2022,1.116
31-01-2022,1.1212
01-02-2022,1.1239
02-02-2022,1.1299
03-02-2022,1.1425
04-02-2022,1.1455
07-02-2022,1.1434
08-02-2022,1.1416
09-02-2022,1.1435
10-02-2022,1.1487
11-02-2022,1.1404
14-02-2022,1.1306
15-02-2022,1.1363
16-02-2022,1.1381
17-02-2022,1.1364
18-02-2022,1.1327
22-02-2022,1.1342
23-02-2022,1.1316
24-02-2022,1.1154
25-02-2022,1.1261
28-02-2022,1.1224
01-03-2022,1.1103
02-03-2022,1.1102
03-03-2022,1.1053
04-03-2022,1.0912
07-03-2022,1.086
08-03-2022,1.0881
09-03-2022,1.1069
10-03-2022,1.1007
11-03-2022,1.0937
14-03-2022,1.0979
15-03-2022,1.0974
16-03-2022,1.0996
17-03-2022,1.111
18-03-2022,1.1044
21-03-2022,1.1048
22-03-2022,1.1022
23-03-2022,1.1001
24-03-2022,1.1006
25-03-2022,1.0985
28-03-2022,1.0977
29-03-2022,1.1104
30-03-2022,1.1163
31-03-2022,1.1093
01-04-2022,1.1043
04-04-2022,1.0992
05-04-2022,1.0921
06-04-2022,1.0913
07-04-2022,1.09
08-04-2022,1.0874
11-04-2022,1.0875
12-04-2022,1.0852
13-04-2022,1.0874
14-04-2022,1.0796
15-04-2022,1.0812
18-04-2022,1.0785
19-04-2022,1.0789
20-04-2022,1.0857
21-04-2022,1.0839
22-04-2022,1.079
25-04-2022,1.0703
26-04-2022,1.0661
27-04-2022,1.0549
28-04-2022,1.05
29-04-2022,1.0537
02-05-2022,1.0521
03-05-2022,1.0532
04-05-2022,1.0539
05-05-2022,1.0507
06-05-2022,1.0572
09-05-2022,1.0559
10-05-2022,1.0531
11-05-2022,1.0537
12-05-2022,1.0376
13-05-2022,1.041
16-05-2022,1.042
17-05-2022,1.0532
18-05-2022,1.0494
19-05-2022,1.0587
20-05-2022,1.0559
23-05-2022,1.0668
24-05-2022,1.0744
25-05-2022,1.0658
26-05-2022,1.0725
27-05-2022,1.0709
31-05-2022,1.0731
01-06-2022,1.0646
02-06-2022,1.0733
03-06-2022,1.0721
06-06-2022,1.0699
07-06-2022,1.0697
08-06-2022,1.074
09-06-2022,1.0656
10-06-2022,1.0521
13-06-2022,1.0436
14-06-2022,1.0416
15-06-2022,1.0388
16-06-2022,1.0531
17-06-2022,1.0473
21-06-2022,1.0548
22-06-2022,1.0583
23-06-2022,1.0503
24-06-2022,1.0539
27-06-2022,1.0601
28-06-2022,1.0534
29-06-2022,1.0477
30-06-2022,1.0469
01-07-2022,1.0409
05-07-2022,1.0254
06-07-2022,1.0173
07-07-2022,1.0159
08-07-2022,1.0178
11-07-2022,1.0088
12-07-2022,1.0069
13-07-2022,1.0081
14-07-2022,1.0028
15-07-2022,1.0089
18-07-2022,1.016
19-07-2022,1.0238
20-07-2022,1.0217
21-07-2022,1.0197
22-07-2022,1.0225
25-07-2022,1.0211
26-07-2022,1.0116
27-07-2022,1.0108
28-07-2022,1.0163
29-07-2022,1.0202
01-08-2022,1.027
02-08-2022,1.0194
03-08-2022,1.0146
04-08-2022,1.0221
05-08-2022,1.017
08-08-2022,1.0207
09-08-2022,1.0226
10-08-2022,1.0337
11-08-2022,1.0338
12-08-2022,1.0257
15-08-2022,1.0186
16-08-2022,1.0174
17-08-2022,1.0164
18-08-2022,1.0114
19-08-2022,1.0039
22-08-2022,0.9936
23-08-2022,0.9976
24-08-2022,0.9967
25-08-2022,0.9959
26-08-2022,0.9998
29-08-2022,1
30-08-2022,1.0018
31-08-2022,1.0065
01-09-2022,0.995
02-09-2022,1.003
06-09-2022,0.9914
07-09-2022,0.9942
08-09-2022,0.9956
09-09-2022,1.0046
12-09-2022,1.0129
13-09-2022,0.9997
14-09-2022,0.9993
15-09-2022,0.9991
16-09-2022,1.0013
19-09-2022,1.0003
20-09-2022,0.9994
21-09-2022,0.988
22-09-2022,0.9841
23-09-2022,0.9719
26-09-2022,0.9623
27-09-2022,0.9616
28-09-2022,0.9681
29-09-2022,0.9774
30-09-2022,0.9783
03-10-2022,0.9809
04-10-2022,0.9977
05-10-2022,0.9866
06-10-2022,0.9806
07-10-2022,0.9785
11-10-2022,0.9757
12-10-2022,0.9692
13-10-2022,0.978
14-10-2022,0.9739
17-10-2022,0.9843
18-10-2022,0.9842
19-10-2022,0.978
20-10-2022,0.9823
21-10-2022,0.9855
24-10-2022,0.9874
25-10-2022,0.9959
26-10-2022,1.0068
27-10-2022,0.9985
28-10-2022,0.9934
31-10-2022,0.9885
01-11-2022,0.9871
02-11-2022,0.9875
03-11-2022,0.9759
04-11-2022,0.9895
07-11-2022,0.9997
08-11-2022,1.0089
09-11-2022,1.0037
10-11-2022,1.0176
14-11-2022,1.0337
15-11-2022,1.0372
16-11-2022,1.0395
17-11-2022,1.0341
18-11-2022,1.0349
21-11-2022,1.0238
22-11-2022,1.0276
23-11-2022,1.0364
25-11-2022,1.0402
28-11-2022,1.0386
29-11-2022,1.0356
30-11-2022,1.0323
01-12-2022,1.0498
02-12-2022,1.0521
05-12-2022,1.0494
06-12-2022,1.0497
07-12-2022,1.0505
08-12-2022,1.0552
09-12-2022,1.055
12-12-2022,1.0545
13-12-2022,1.063
14-12-2022,1.0655
15-12-2022,1.0638
16-12-2022,1.061
19-12-2022,1.0624
20-12-2022,1.0635
21-12-2022,1.0599
22-12-2022,1.0588
23-12-2022,1.0621
27-12-2022,1.0654
28-12-2022,1.0622
29-12-2022,1.0668
30-12-2022,1.0698
03-01-2023,1.0559
04-01-2023,1.062
05-01-2023,1.0522
06-01-2023,1.0619
09-01-2023,1.0759
10-01-2023,1.0737
11-01-2023,1.074
12-01-2023,1.0823
13-01-2023,1.0811
17-01-2023,1.0793
18-01-2023,1.0827
19-01-2023,1.081
20-01-2023,1.0831
23-01-2023,1.0865
24-01-2023,1.0873
25-01-2023,1.0901
26-01-2023,1.0866
27-01-2023,1.0857
30-01-2023,1.0867
31-01-2023,1.0858
01-02-2023,1.0917
02-02-2023,1.0918
03-02-2023,1.0825
06-02-2023,1.0722
07-02-2023,1.0705
08-02-2023,1.0734
09-02-2023,1.0761
10-02-2023,1.067
13-02-2023,1.0718
14-02-2023,1.0722
15-02-2023,1.0683
16-02-2023,1.0684
17-02-2023,1.0678
21-02-2023,1.0657
22-02-2023,1.0623
23-02-2023,1.0583
24-02-2023,1.0545
27-02-2023,1.0596
28-02-2023,1.0602
01-03-2023,1.0674
02-03-2023,1.0595
03-03-2023,1.0616
06-03-2023,1.0694
07-03-2023,1.0573
08-03-2023,1.0549
09-03-2023,1.0577
10-03-2023,1.0659
13-03-2023,1.0733
14-03-2023,1.0722
15-03-2023,1.0535
16-03-2023,1.0622
17-03-2023,1.0647
20-03-2023,1.0722
21-03-2023,1.0769
22-03-2023,1.0792
23-03-2023,1.089
24-03-2023,1.0762
27-03-2023,1.0789
28-03-2023,1.0844
29-03-2023,1.0826
30-03-2023,1.0899
31-03-2023,1.0872
03-04-2023,1.0891
04-04-2023,1.0951
05-04-2023,1.0918
06-04-2023,1.0927
07-04-2023,1.0913
10-04-2023,1.084
11-04-2023,1.0906
12-04-2023,1.0987
13-04-2023,1.1054
14-04-2023,1.098
17-04-2023,1.0915
18-04-2023,1.0958
19-04-2023,1.0953
20-04-2023,1.097
21-04-2023,1.0973
24-04-2023,1.1027
25-04-2023,1.0968
26-04-2023,1.1052
27-04-2023,1.1017
28-04-2023,1.104
01-05-2023,1.097
02-05-2023,1.0997
03-05-2023,1.1049
04-05-2023,1.1009
05-05-2023,1.1026
08-05-2023,1.102
09-05-2023,1.0953
10-05-2023,1.0966
11-05-2023,1.0916
12-05-2023,1.0856
15-05-2023,1.0874
16-05-2023,1.0866
17-05-2023,1.083
18-05-2023,1.0776
19-05-2023,1.0819
22-05-2023,1.0806
23-05-2023,1.0771
24-05-2023,1.0758
25-05-2023,1.0725
26-05-2023,1.0713
30-05-2023,1.0722
31-05-2023,1.0654
01-06-2023,1.0752
02-06-2023,1.0724
05-06-2023,1.0721
06-06-2023,1.0695
07-06-2023,1.0702
08-06-2023,1.078
09-06-2023,1.0749
12-06-2023,1.0747
13-06-2023,1.0792
14-06-2023,1.0859
15-06-2023,1.0933
16-06-2023,1.0925
20-06-2023,1.09
21-06-2023,1.0951
22-06-2023,1.0953
23-06-2023,1.0887
26-06-2023,1.091
27-06-2023,1.0961
28-06-2023,1.0904
29-06-2023,1.0881
30-06-2023,1.092
03-07-2023,1.0919
05-07-2023,1.0868
06-07-2023,1.0873
07-07-2023,1.0964
10-07-2023,1.0991
11-07-2023,1.0992
12-07-2023,1.1123
13-07-2023,1.1194
14-07-2023,1.1237
17-07-2023,1.1236
18-07-2023,1.1223
19-07-2023,1.1195
20-07-2023,1.1135
21-07-2023,1.112
24-07-2023,1.1083
25-07-2023,1.105
26-07-2023,1.1078
27-07-2023,1.0998
28-07-2023,1.1039
31-07-2023,1.102
01-08-2023,1.0971
02-08-2023,1.0939
03-08-2023,1.0947
04-08-2023,1.1036
07-08-2023,1.1
08-08-2023,1.0951
09-08-2023,1.0975
10-08-2023,1.1016
11-08-2023,1.0957
14-08-2023,1.0922
15-08-2023,1.0928
16-08-2023,1.0904
17-08-2023,1.0874
18-08-2023,1.0875
21-08-2023,1.0888
22-08-2023,1.0846
23-08-2023,1.0862
24-08-2023,1.0826
25-08-2023,1.0787
28-08-2023,1.081
29-08-2023,1.0851
30-08-2023,1.0926
31-08-2023,1.0839
01-09-2023,1.0787
05-09-2023,1.0727
06-09-2023,1.0714
07-09-2023,1.0704
08-09-2023,1.0709
11-09-2023,1.0744
12-09-2023,1.0726
13-09-2023,1.0737
14-09-2023,1.066
15-09-2023,1.0673
18-09-2023,1.0695
19-09-2023,1.0684
20-09-2023,1.0715
21-09-2023,1.0664
22-09-2023,1.066
25-09-2023,1.0591
26-09-2023,1.0573
27-09-2023,1.051
28-09-2023,1.0578
29-09-2023,1.0584
02-10-2023,1.05
03-10-2023,1.0453
04-10-2023,1.0518
05-10-2023,1.0527
06-10-2023,1.0596
10-10-2023,1.0618
11-10-2023,1.062
12-10-2023,1.0553
13-10-2023,1.0502
16-10-2023,1.0546
17-10-2023,1.0593
18-10-2023,1.0532
19-10-2023,1.057
20-10-2023,1.0592
23-10-2023,1.0646
24-10-2023,1.0595
25-10-2023,1.0583
26-10-2023,1.0532
27-10-2023,1.0592
30-10-2023,1.062
31-10-2023,1.0568
01-11-2023,1.0538
02-11-2023,1.0618
03-11-2023,1.0733
06-11-2023,1.0747
07-11-2023,1.0687
08-11-2023,1.0715
09-11-2023,1.071
13-11-2023,1.07
14-11-2023,1.0861
15-11-2023,1.0853
16-11-2023,1.0851
17-11-2023,1.0879
20-11-2023,1.0945
21-11-2023,1.0923
22-11-2023,1.0871
24-11-2023,1.0934
27-11-2023,1.0937
28-11-2023,1.1007
29-11-2023,1.0969
30-11-2023,1.0908
01-12-2023,1.0878
04-12-2023,1.0824
05-12-2023,1.0787
06-12-2023,1.079
07-12-2023,1.0794
08-12-2023,1.0746
11-12-2023,1.0747
12-12-2023,1.079
13-12-2023,1.0793
14-12-2023,1.0997
15-12-2023,1.0906
18-12-2023,1.092
19-12-2023,1.0977
20-12-2023,1.0957
21-12-2023,1.099
22-12-2023,1.1008
26-12-2023,1.1035
27-12-2023,1.1114
28-12-2023,1.1073
29-12-2023,1.1062
02-01-2024,1.0957
03-01-2024,1.0909
04-01-2024,1.0957
05-01-2024,1.0957
08-01-2024,1.0976
09-01-2024,1.0935
10-01-2024,1.096
11-01-2024,1.0943
12-01-2024,1.0959
16-01-2024,1.0882
17-01-2024,1.0858
18-01-2024,1.0863
19-01-2024,1.0887
22-01-2024,1.0895
23-01-2024,1.0829
24-01-2024,1.0901
25-01-2024,1.0837
26-01-2024,1.0866
29-01-2024,1.0807
30-01-2024,1.0844
31-01-2024,1.0855
01-02-2024,1.0865
02-02-2024,1.0787
05-02-2024,1.0736
06-02-2024,1.0751
07-02-2024,1.0769
08-02-2024,1.0774
09-02-2024,1.0782
12-02-2024,1.0774
13-02-2024,1.072
14-02-2024,1.0735
15-02-2024,1.0761
16-02-2024,1.0769
20-02-2024,1.0814
21-02-2024,1.0818
22-02-2024,1.0815
23-02-2024,1.0828
26-02-2024,1.0855
27-02-2024,1.0857
28-02-2024,1.0843
29-02-2024,1.0807
01-03-2024,1.0832
04-03-2024,1.0862
05-03-2024,1.0861
06-03-2024,1.0913
07-03-2024,1.0941
08-03-2024,1.0941
11-03-2024,1.0928
12-03-2024,1.0918
13-03-2024,1.0944
14-03-2024,1.0888
15-03-2024,1.0888
18-03-2024,1.0886
19-03-2024,1.0859
20-03-2024,1.0856
21-03-2024,1.0861
22-03-2024,1.0817
25-03-2024,1.0837
26-03-2024,1.0829
27-03-2024,1.0821
28-03-2024,1.0801
29-03-2024,1.0791
01-04-2024,1.0733
02-04-2024,1.0769
03-04-2024,1.0827
04-04-2024,1.0865
05-04-2024,1.0841
08-04-2024,1.0853
09-04-2024,1.0856
10-04-2024,1.0737
11-04-2024,1.0722
12-04-2024,1.0647
15-04-2024,1.0644
16-04-2024,1.0628
17-04-2024,1.0644
18-04-2024,1.066
19-04-2024,1.0655
22-04-2024,1.0655
23-04-2024,1.0695
24-04-2024,1.0687
25-04-2024,1.0721
26-04-2024,1.0686
29-04-2024,1.0717
30-04-2024,1.0684
01-05-2024,1.068
02-05-2024,1.0706
03-05-2024,1.077
06-05-2024,1.0779
07-05-2024,1.0767
08-05-2024,1.0755
09-05-2024,1.0771
10-05-2024,1.0773
13-05-2024,1.0796
14-05-2024,1.0818
15-05-2024,1.086
16-05-2024,1.0875
17-05-2024,1.0869
20-05-2024,1.0861
21-05-2024,1.0855
22-05-2024,1.0836
23-05-2024,1.0827
24-05-2024,1.0852
28-05-2024,1.0879
29-05-2024,1.0811
30-05-2024,1.0837
31-05-2024,1.0846
03-06-2024,1.089
04-06-2024,1.0878
05-06-2024,1.0865
06-06-2024,1.0883
07-06-2024,1.0807
10-06-2024,1.0751
11-06-2024,1.0733
12-06-2024,1.0843
13-06-2024,1.0756
14-06-2024,1.0699
17-06-2024,1.0723
18-06-2024,1.0739
20-06-2024,1.0708
21-06-2024,1.0694
24-06-2024,1.0727
25-06-2024,1.0705
26-06-2024,1.0682
27-06-2024,1.0708
28-06-2024,1.0711
01-07-2024,1.0728
02-07-2024,1.0737
03-07-2024,1.0799
05-07-2024,1.0828
08-07-2024,1.0835
09-07-2024,1.0813
10-07-2024,1.0823
11-07-2024,1.087
12-07-2024,1.0902
15-07-2024,1.0912
16-07-2024,1.0885
17-07-2024,1.0933
18-07-2024,1.0913
19-07-2024,1.0888
22-07-2024,1.088
23-07-2024,1.0855
24-07-2024,1.0853
25-07-2024,1.0861
26-07-2024,1.0859
29-07-2024,1.0819
30-07-2024,1.0809
31-07-2024,1.0823
01-08-2024,1.0789
02-08-2024,1.0914
05-08-2024,1.0957
06-08-2024,1.0926
07-08-2024,1.0925
08-08-2024,1.0914
09-08-2024,1.0925
12-08-2024,1.0928
13-08-2024,1.0954
14-08-2024,1.1024
15-08-2024,1.0986
16-08-2024,1.0996
19-08-2024,1.107
20-08-2024,1.1106
21-08-2024,1.1143
22-08-2024,1.1114
23-08-2024,1.1176
26-08-2024,1.1164
27-08-2024,1.116
28-08-2024,1.1127
29-08-2024,1.1086
30-08-2024,1.106
03-09-2024,1.1043
04-09-2024,1.1081
05-09-2024,1.1096
06-09-2024,1.1086
09-09-2024,1.1042
10-09-2024,1.1025
11-09-2024,1.1012
12-09-2024,1.1041
13-09-2024,1.1085
16-09-2024,1.1123
17-09-2024,1.1118
18-09-2024,1.1116
19-09-2024,1.1147
20-09-2024,1.1159
23-09-2024,1.113
24-09-2024,1.115
25-09-2024,1.1143
26-09-2024,1.1184
27-09-2024,1.1159
30-09-2024,1.1145
01-10-2024,1.1067
02-10-2024,1.105
03-10-2024,1.1015
04-10-2024,1.0961
07-10-2024,1.0976
08-10-2024,1.097
09-10-2024,1.0951
10-10-2024,1.0925
11-10-2024,1.0942
15-10-2024,1.0899
16-10-2024,1.0873
17-10-2024,1.0837
18-10-2024,1.0854
21-10-2024,1.082
22-10-2024,1.0805
23-10-2024,1.0779
24-10-2024,1.0806
25-10-2024,1.0813
28-10-2024,1.0819
29-10-2024,1.0798
30-10-2024,1.0864
31-10-2024,1.0855
01-11-2024,1.0848
04-11-2024,1.0884
05-11-2024,1.092
06-11-2024,1.0732
07-11-2024,1.0792
08-11-2024,1.071
12-11-2024,1.0598
13-11-2024,1.0567
14-11-2024,1.0562
15-11-2024,1.0552
18-11-2024,1.0586
19-11-2024,1.0578
20-11-2024,1.0521
21-11-2024,1.0475
22-11-2024,1.0399
25-11-2024,1.0478
26-11-2024,1.0481
27-11-2024,1.0575
29-11-2024,1.0547
02-12-2024,1.0484
03-12-2024,1.0518
04-12-2024,1.0527
05-12-2024,1.0571
06-12-2024,1.0563
09-12-2024,1.057
10-12-2024,1.0512
11-12-2024,1.0508
12-12-2024,1.0514
13-12-2024,1.0498
16-12-2024,1.0512
17-12-2024,1.0506
18-12-2024,1.0469
19-12-2024,1.0357
20-12-2024,1.043
23-12-2024,1.0409
24-12-2024,1.0388
26-12-2024,1.0423
27-12-2024,1.0423
30-12-2024,1.0386
31-12-2024,1.0351
02-01-2025,1.0261
03-01-2025,1.0292
06-01-2025,1.0397
07-01-2025,1.0369
08-01-2025,1.0313
09-01-2025,1.0298
10-01-2025,1.0238
13-01-2025,1.0209
14-01-2025,1.0292
15-01-2025,1.0282
16-01-2025,1.0303
17-01-2025,1.0287
21-01-2025,1.0423
22-01-2025,1.042
23-01-2025,1.042
24-01-2025,1.0515
27-01-2025,1.0492
28-01-2025,1.0427
29-01-2025,1.0416
30-01-2025,1.042
31-01-2025,1.04
03-02-2025,1.0277
04-02-2025,1.0379
05-02-2025,1.0419
06-02-2025,1.0368
07-02-2025,1.0329
10-02-2025,1.0312
11-02-2025,1.0346
12-02-2025,1.0392
13-02-2025,1.0428
14-02-2025,1.0498
18-02-2025,1.0457
19-02-2025,1.0406
20-02-2025,1.0475
21-02-2025,1.0455
24-02-2025,1.0478
25-02-2025,1.0498
26-02-2025,1.0514
27-02-2025,1.0414
28-02-2025,1.0402
03-03-2025,1.0496
04-03-2025,1.0534
05-03-2025,1.0768
06-03-2025,1.0818
07-03-2025,1.0859
10-03-2025,1.0837
11-03-2025,1.0927
12-03-2025,1.0925
13-03-2025,1.0859
14-03-2025,1.0872
17-03-2025,1.0922
18-03-2025,1.0927
19-03-2025,1.0877
20-03-2025,1.0848
21-03-2025,1.0806
24-03-2025,1.0794
25-03-2025,1.0804
26-03-2025,1.0781
27-03-2025,1.08
28-03-2025,1.0826
31-03-2025,1.0796
01-04-2025,1.08
02-04-2025,1.0868
03-04-2025,1.1052
04-04-2025,1.1014
07-04-2025,1.0912
08-04-2025,1.0912
09-04-2025,1.104
10-04-2025,1.1192
11-04-2025,1.1325
14-04-2025,1.1358
15-04-2025,1.129
16-04-2025,1.1382
17-04-2025,1.1364
18-04-2025,1.139
21-04-2025,1.1508
22-04-2025,1.1466
23-04-2025,1.135
24-04-2025,1.1363
25-04-2025,1.1381
28-04-2025,1.1387
29-04-2025,1.1396
30-04-2025,1.1349
01-05-2025,1.1279
02-05-2025,1.133
05-05-2025,1.1315
06-05-2025,1.1345
07-05-2025,1.1348
08-05-2025,1.1249
09-05-2025,1.127
12-05-2025,1.1106
13-05-2025,1.1176
14-05-2025,1.1206
15-05-2025,1.1189
16-05-2025,1.1141
19-05-2025,1.1236
20-05-2025,1.1254
21-05-2025,1.1343
22-05-2025,1.1281
23-05-2025,1.135
27-05-2025,1.1326
28-05-2025,1.1286
29-05-2025,1.137
30-05-2025,1.1347
02-06-2025,1.1432
03-06-2025,1.1373
04-06-2025,1.1424
05-06-2025,1.144
06-06-2025,1.1397
09-06-2025,1.1425
10-06-2025,1.1423
11-06-2025,1.149
12-06-2025,1.1578
13-06-2025,1.1557
16-06-2025,1.1581
17-06-2025,1.1535
18-06-2025,1.1521
20-06-2025,1.152
